"","X","Company","TypeName","Inches","ScreenResolution","Cpu","Ram..GB.","Memory","Gpu","OpSys","Weight.KG.","Price","Price_in_USD"
"1",17,"Apple","Ultrabook",15.4,"IPS Panel Retina Display 2880x1800","Intel Core i7 2.9GHz",16,"512GB SSD","AMD Radeon Pro 560","macOS",1.83,152274.24,1979.56512
"2",267,"Lenovo","Notebook",15.6,"Full HD 1920x1080","Intel Core i5 7200U 2.5GHz",4,"1TB HDD","Intel HD Graphics 620","No OS",2.2,24881.76,323.46288
"3",126,"HP","Notebook",14,"Full HD 1920x1080","Intel Core i5 8250U 1.6GHz",8,"1TB HDD","Intel UHD Graphics 620","Windows 10",1.63,43263.36,562.42368
"4",211,"Asus","Gaming",17.3,"Full HD 1920x1080","Intel Core i7 7700HQ 2.8GHz",16,"256GB SSD +  1TB HDD","Nvidia GeForce GTX 1050","Windows 10",2.9,74964.96,974.54448
"5",911,"HP","Ultrabook",12.5,"4K Ultra HD / Touchscreen 3840x2160","Intel Core M 6Y75 1.2GHz",8,"240GB SSD","Intel HD Graphics 515","Windows 10",1.09,165168,2147.184
"6",136,"Lenovo","Notebook",15.6,"1366x768","Intel Celeron Dual Core N3350 1.1GHz",4,"1TB HDD","Intel HD Graphics 500","No OS",1.9,13445.7408,174.7946304
"7",990,"HP","Netbook",12.5,"Full HD 1920x1080","Intel Core M 6Y75 1.2GHz",8,"512GB SSD","Intel HD Graphics 515","Windows 10",0.97,101658.24,1321.55712
"8",132,"Acer","Ultrabook",14,"IPS Panel Full HD 1920x1080","Intel Core i7 8550U 1.8GHz",8,"256GB SSD","Intel UHD Graphics 620","Windows 10",1.6,47099.52,612.29376
"9",668,"Toshiba","Notebook",15.6,"IPS Panel Full HD 1920x1080","Intel Core i5 7200U 2.5GHz",8,"256GB SSD","Intel HD Graphics 620","Windows 10",2,67026.24,871.34112
"10",1286,"Lenovo","Notebook",14,"1366x768","Intel Celeron Dual Core N3050 1.6GHz",2,"64GB Flash Storage","Intel HD Graphics","Windows 10",1.5,12201.12,158.61456
"11",309,"HP","Notebook",15.6,"Full HD 1920x1080","Intel Core i3 6006U 2GHz",4,"1TB HDD","Intel HD Graphics 520","Windows 10",1.86,24988.32,324.84816
"12",1105,"Dell","Ultrabook",12.5,"1366x768","Intel Core i5 6200U 2.3GHz",8,"256GB SSD","Intel HD Graphics 520","Windows 7",1.5,75289.968,978.769584
"13",961,"Lenovo","Ultrabook",12.5,"IPS Panel Full HD 1920x1080","Intel Core i5 7300U 2.6GHz",8,"256GB SSD","Intel HD Graphics 620","Windows 10",1.36,93772.8,1219.0464
"14",35,"Lenovo","Notebook",14,"1366x768","Intel Celeron Dual Core N3350 1.1GHz",4,"64GB Flash Storage","Intel HD Graphics 500","Windows 10",1.44,13266.72,172.46736
"15",360,"HP","Notebook",15.6,"1366x768","Intel Core i3 6006U 2GHz",4,"500GB HDD","Intel HD Graphics 520","Windows 10",1.86,23389.92,304.06896
"16",287,"Asus","Ultrabook",15.6,"Full HD 1920x1080","Intel Core i5 7200U 2.5GHz",8,"256GB SSD","Nvidia GeForce 940MX","Windows 10",1.7,52054.56,676.70928
"17",778,"Razer","Gaming",14,"Full HD 1920x1080","Intel Core i7 7700HQ 2.8GHz",16,"512GB SSD","Nvidia GeForce GTX 1060","Windows 10",1.95,154458.72,2007.96336
"18",1065,"Dell","Ultrabook",13.3,"Full HD 1920x1080","Intel Core i7 7500U 2.7GHz",8,"256GB SSD","Intel HD Graphics 620","Windows 10",1.29,77682.24,1009.86912
"19",897,"HP","Notebook",15.6,"Full HD 1920x1080","Intel Core i7 7500U 2.7GHz",8,"1TB HDD","Nvidia GeForce 930MX","Windows 10",2.04,47952,623.376
"20",224,"Dell","Gaming",17.3,"IPS Panel Full HD 1920x1080","Intel Core i7 7700HQ 2.8GHz",16,"256GB SSD +  1TB HDD","Nvidia GeForce GTX 1060","Windows 10",4.42,130873.7952,1701.3593376
"21",174,"HP","Notebook",17.3,"Full HD 1920x1080","Intel Core i5 8250U 1.6GHz",8,"256GB SSD","Nvidia GeForce 930MX","Windows 10",2.5,49177.44,639.30672
"22",541,"Dell","Notebook",14,"Full HD 1920x1080","Intel Core i3 6006U 2GHz",4,"128GB SSD","Intel HD Graphics 520","Windows 10",1.6,39207.1536,509.6929968
"23",1299,"Lenovo","2 in 1 Convertible",13.3,"IPS Panel Quad HD+ / Touchscreen 3200x1800","Intel Core i7 6500U 2.5GHz",16,"512GB SSD","Intel HD Graphics 520","Windows 10",1.3,79866.72,1038.26736
"24",1279,"Lenovo","Notebook",15.6,"IPS Panel Full HD 1920x1080","Intel Core i7 6700HQ 2.6GHz",8,"1TB HDD","Nvidia GeForce GTX 960M","Windows 10",2.6,47898.72,622.68336
"25",624,"HP","Notebook",15.6,"1366x768","Intel Core i5 6200U 2.3GHz",4,"500GB HDD","Intel HD Graphics 520","Windows 7",1.88,49656.96,645.54048
"26",75,"Asus","Gaming",15.6,"Full HD 1920x1080","Intel Core i7 7700HQ 2.8GHz",8,"1TB HDD","Nvidia GeForce GTX 1050","Windows 10",2.2,50562.72,657.31536
"27",89,"Dell","Ultrabook",13.3,"IPS Panel Full HD 1920x1080","Intel Core i7 8550U 1.8GHz",8,"256GB SSD","Intel UHD Graphics 620","Windows 10",1.21,87858.72,1142.16336
"28",628,"Asus","2 in 1 Convertible",13.3,"Full HD / Touchscreen 1920x1080","Intel Core i5 7200U 2.5GHz",6,"1TB HDD","Intel HD Graphics 620","Windows 10",1.5,34046.4528,442.6038864
"29",209,"Lenovo","Notebook",15.6,"1366x768","Intel Core i5 7200U 2.5GHz",8,"256GB SSD","Intel HD Graphics 620","Windows 10",2.2,31808.16,413.50608
"30",1191,"Samsung","2 in 1 Convertible",12.3,"IPS Panel Touchscreen 2400x1600","Samsung Cortex A72&A53 2.0GHz",4,"32GB Flash Storage","ARM Mali T860 MP4","Chrome OS",1.15,35111.52,456.44976
"31",395,"HP","Ultrabook",15.6,"Full HD 1920x1080","AMD A9-Series 9420 3GHz",4,"256GB SSD","AMD Radeon 520","Windows 10",1.91,26586.72,345.62736
"32",228,"Asus","Notebook",17.3,"Full HD 1920x1080","Intel Core i5 7200U 2.5GHz",8,"256GB SSD +  500GB HDD","Nvidia GeForce GTX 950M","Windows 10",2.69,47472.48,617.14224
"33",1159,"HP","2 in 1 Convertible",13.3,"Touchscreen 2560x1440","Intel Core i7 6600U 2.6GHz",8,"512GB SSD","Intel HD Graphics 520","Windows 10",1.48,108744.48,1413.67824
"34",58,"MSI","Gaming",17.3,"Full HD 1920x1080","Intel Core i7 7700HQ 2.8GHz",16,"256GB SSD +  2TB HDD","Nvidia GeForce GTX 1070","Windows 10",2.43,130482.72,1696.27536
"35",887,"Asus","Gaming",17.3,"Full HD 1920x1080","Intel Core i5 7300HQ 2.5GHz",12,"128GB SSD +  1TB HDD","Nvidia GeForce GTX 1050","Windows 10",2.2,72988.272,948.847536
"36",870,"Lenovo","Notebook",15.6,"1366x768","Intel Core i5 7200U 2.5GHz",4,"500GB HDD","Intel HD Graphics 620","Windows 10",2.38,56210.4,730.7352
"37",1126,"Lenovo","2 in 1 Convertible",10.1,"IPS Panel Touchscreen 1920x1200","Intel Atom x5-Z8550 1.44GHz",4,"64GB Flash Storage","Intel HD Graphics 400","Windows 10",0.69,25521.12,331.77456
"38",446,"Acer","Notebook",15.6,"1366x768","Intel Core i5 7200U 2.5GHz",4,"500GB HDD","Intel HD Graphics 620","Linux",2.4,23539.104,306.008352
"39",100,"HP","Notebook",15.6,"Full HD 1920x1080","Intel Core i7 7500U 2.7GHz",8,"256GB SSD","AMD Radeon 530","Windows 10",1.91,38308.32,498.00816
"40",133,"Acer","Notebook",15.6,"Full HD 1920x1080","Intel Core i3 7130U 2.7GHz",4,"256GB SSD","Nvidia GeForce MX130","Windows 10",2.2,30476.16,396.19008
"41",525,"Lenovo","Notebook",14,"Full HD 1920x1080","Intel Core i5 6200U 2.3GHz",8,"256GB SSD","Intel HD Graphics 520","Windows 7",2.02,71395.2,928.1376
"42",3,"Apple","Ultrabook",15.4,"IPS Panel Retina Display 2880x1800","Intel Core i7 2.7GHz",16,"512GB SSD","AMD Radeon Pro 455","macOS",1.83,135195.336,1757.539368
"43",1050,"Lenovo","Notebook",14,"IPS Panel 2560x1440","Intel Core i7 6600U 2.6GHz",16,"256GB SSD","Intel HD Graphics 520","Windows 7",1.1,139593.6,1814.7168
"44",788,"Acer","Gaming",17.3,"IPS Panel Full HD 1920x1080","Intel Core i7 7700HQ 2.8GHz",16,"256GB SSD +  1TB HDD","Nvidia GeForce GTX 1060","Windows 10",4.2,122490.72,1592.37936
"45",1019,"HP","Notebook",14,"Full HD 1920x1080","Intel Core i7 6500U 2.5GHz",8,"256GB SSD","Intel HD Graphics 520","Windows 10",1.43,118761.12,1543.89456
"46",606,"Toshiba","Notebook",15.6,"IPS Panel Full HD 1920x1080","Intel Core i7 6500U 2.5GHz",8,"256GB SSD","Intel HD Graphics 520","Windows 10",2.2,74538.72,969.00336
"47",985,"Dell","Notebook",15.6,"1366x768","Intel Core i5 7200U 2.5GHz",4,"500GB HDD","AMD Radeon R5 M430","Windows 10",2.25,31914.72,414.89136
"48",1245,"Asus","Gaming",15.6,"IPS Panel Full HD 1920x1080","Intel Core i7 7700HQ 2.8GHz",16,"256GB SSD +  1TB HDD","Nvidia GeForce GTX 1050 Ti","Windows 10",2.5,85248,1108.224
"49",966,"Dell","Notebook",15.6,"1366x768","Intel Core i5 7200U 2.5GHz",4,"500GB HDD","Intel HD Graphics 620","Windows 10",1.9,43956,571.428
"50",780,"Dell","Gaming",17.3,"IPS Panel Full HD 1920x1080","Intel Core i7 7700HQ 2.8GHz",32,"1TB SSD +  1TB HDD","Nvidia GeForce GTX 1070M","Windows 10",4.42,191211.264,2485.746432
"51",1018,"Toshiba","Notebook",14,"IPS Panel Full HD 1920x1080","Intel Core i5 6200U 2.3GHz",8,"256GB SSD","Intel HD Graphics 520","Windows 10",1.47,79387.2,1032.0336
"52",66,"HP","Notebook",15.6,"1366x768","Intel Core i3 6006U 2GHz",4,"500GB HDD","AMD Radeon 520","Windows 10",1.86,23373.4032,303.8542416
"53",557,"Lenovo","Notebook",17.3,"1600x900","Intel Core i7 7500U 2.7GHz",6,"128GB SSD +  1TB HDD","Nvidia GeForce 940MX","Windows 10",2.8,50562.72,657.31536
"54",876,"Asus","Notebook",15.6,"1366x768","Intel Pentium Quad Core N4200 1.1GHz",4,"1TB HDD","Intel HD Graphics 505","Linux",2,21258.1872,276.3564336
"55",53,"HP","Notebook",13.3,"Full HD 1920x1080","Intel Core i7 8550U 1.8GHz",8,"512GB SSD","Intel UHD Graphics 620","Windows 10",1.49,58767.84,763.98192
"56",554,"HP","Notebook",17.3,"Full HD 1920x1080","Intel Core i7 7500U 2.7GHz",8,"1TB HDD","Nvidia GeForce 930MX","Windows 10",2.63,68198.4,886.5792
"57",168,"Acer","Notebook",17.3,"IPS Panel Full HD 1920x1080","Intel Core i5 8250U 1.6GHz",8,"256GB SSD","Nvidia GeForce MX150","Windows 10",3,45501.12,591.51456
"58",1249,"Dell","2 in 1 Convertible",13.3,"Quad HD+ / Touchscreen 3200x1800","Intel Core i5 7Y54 1.2GHz",8,"256GB SSD","Intel HD Graphics 615","Windows 10",1.24,96596.64,1255.75632
"59",951,"Dell","Ultrabook",14,"Full HD 1920x1080","Intel Core i7 7600U 2.8GHz",8,"256GB SSD","Intel HD Graphics 620","Windows 10",1.36,94572,1229.436
"60",813,"Dell","Notebook",15.6,"Full HD 1920x1080","Intel Core i7 7500U 2.7GHz",8,"1TB HDD","Nvidia GeForce GT 940MX","Windows 10",1.98,51202.08,665.62704
"61",704,"Lenovo","Notebook",15.6,"1366x768","Intel Core i3 6006U 2GHz",4,"500GB HDD","Intel HD Graphics 520","No OS",1.9,23976,311.688
"62",946,"Dell","Ultrabook",12.5,"Full HD / Touchscreen 1920x1080","Intel Core i5 7200U 2.5GHz",8,"256GB SSD","Intel HD Graphics","Windows 10",1.36,78438.816,1019.704608
"63",819,"Dell","Notebook",14,"1366x768","Intel Core i5 6200U 2.3GHz",4,"500GB HDD","Intel HD Graphics 520","Windows 10",1.76,40226.4,522.9432
"64",542,"HP","Ultrabook",13.3,"IPS Panel Quad HD+ 3200x1800","Intel Core i7 7500U 2.7GHz",8,"256GB SSD","Intel HD Graphics 620","Windows 10",1.34,61005.6,793.0728
"65",540,"Dell","Ultrabook",13.3,"Quad HD+ / Touchscreen 3200x1800","Intel Core i7 8550U 1.8GHz",8,"256GB SSD","Intel UHD Graphics 620","Windows 10",1.2,74538.72,969.00336
"66",199,"HP","Notebook",17.3,"Full HD 1920x1080","Intel Core i7 8550U 1.8GHz",8,"256GB SSD","Nvidia GeForce 930MX","Windows 10",2.5,55677.6,723.8088
"67",702,"Lenovo","Notebook",15.6,"1366x768","AMD A12-Series 9720P 3.6GHz",8,"1TB HDD","AMD Radeon R7","Windows 10",2.2,22857.12,297.14256
"68",180,"Dell","Notebook",15.6,"Full HD 1920x1080","Intel Core i7 8550U 1.8GHz",16,"256GB SSD +  2TB HDD","AMD Radeon 530","Linux",2.02,55890.72,726.57936
"69",679,"Acer","Gaming",15.6,"Full HD 1920x1080","Intel Core i5 7300HQ 2.5GHz",16,"256GB SSD","Nvidia GeForce GTX 1050 Ti","Windows 10",2.5,69210.72,899.73936
"70",322,"Asus","Notebook",14,"Full HD 1920x1080","Intel Core i7 7500U 2.7GHz",8,"256GB SSD","Intel HD Graphics 620","Windows 10",2,58288.32,757.74816
"71",843,"Dell","Notebook",15.6,"1366x768","Intel Core i5 7200U 2.5GHz",8,"128GB SSD","Intel HD Graphics 620","Windows 10",2.18,38041.3872,494.5380336
"72",1221,"MSI","Gaming",15.6,"Full HD 1920x1080","Intel Core i7 6700HQ 2.6GHz",8,"128GB SSD +  1TB HDD","Nvidia GeForce GTX 1060","Windows 10",2.2,78647.1408,1022.4128304
"73",464,"Lenovo","Notebook",15.6,"Full HD 1920x1080","Intel Core i7 7820HQ 2.9GHz",8,"256GB SSD","Nvidia Quadro M2200M","Windows 10",2.67,111355.2,1447.6176
"74",577,"Lenovo","Gaming",17.3,"IPS Panel Full HD 1920x1080","Intel Core i7 6820HK 2.7GHz",32,"256GB SSD +  1TB HDD","Nvidia GeForce GTX 1070","Windows 10",4.6,141884.64,1844.50032
"75",932,"HP","Notebook",15.6,"1366x768","Intel Celeron Dual Core N3060 1.6GHz",4,"1TB HDD","Intel HD Graphics 400","No OS",1.86,15392.592,200.103696
"76",1231,"Razer","Gaming",14,"Full HD 1920x1080","Intel Core i7 7700HQ 2.8GHz",16,"1TB SSD","Nvidia GeForce GTX 1060","Windows 10",1.95,186426.72,2423.54736
"77",341,"Lenovo","Notebook",15.6,"Full HD 1920x1080","AMD A12-Series 9720P 3.6GHz",12,"2TB HDD","AMD Radeon 530","Windows 10",2.2,47898.72,622.68336
"78",1020,"Dell","2 in 1 Convertible",15.6,"IPS Panel Full HD / Touchscreen 1920x1080","Intel Core i3 6100U 2.3GHz",4,"1TB HDD","Intel HD Graphics 520","Windows 10",2.08,42410.3472,551.3345136
"79",718,"Mediacom","Notebook",14,"IPS Panel Full HD 1920x1200","Intel Atom Z8350 1.92GHz",4,"32GB HDD","Intel HD Graphics 400","Windows 10",1.4,14119.2,183.5496
"80",358,"Dell","Notebook",15.6,"Touchscreen 1366x768","Intel Core i5 7200U 2.5GHz",8,"2TB HDD","Intel HD Graphics 620","Windows 10",2.36,29696.6736,386.0567568
"81",412,"HP","Notebook",15.6,"Full HD 1920x1080","Intel Core i3 6006U 2GHz",4,"1TB HDD","AMD Radeon 520","Windows 10",2.1,24988.32,324.84816
"82",64,"HP","Notebook",15.6,"Full HD 1920x1080","Intel Core i5 7200U 2.5GHz",8,"256GB SSD","Intel HD Graphics 620","Windows 10",1.86,36763.2,477.9216
"83",1049,"Asus","Netbook",11.6,"1366x768","Intel Celeron Dual Core N3060 1.6GHz",4,"16GB Flash Storage","Intel HD Graphics 400","Chrome OS",1.2,15339.312,199.411056
"84",506,"Asus","Notebook",15.6,"Full HD 1920x1080","Intel Core i7 7500U 2.7GHz",8,"256GB SSD +  1TB HDD","Intel HD Graphics 620","Windows 10",2,65214.72,847.79136
"85",716,"Dell","Notebook",15.6,"Full HD 1920x1080","Intel Core i5 7300U 2.6GHz",8,"256GB SSD","Intel HD Graphics 620","Windows 10",1.9,62817.12,816.62256
"86",1168,"HP","Notebook",14,"1366x768","Intel Celeron Dual Core N3060 1.6GHz",2,"32GB Flash Storage","Intel HD Graphics 400","Windows 10",1.44,13266.72,172.46736
"87",513,"Dell","Notebook",15.6,"Full HD 1920x1080","Intel Core i7 8550U 1.8GHz",16,"256GB SSD +  2TB HDD","AMD Radeon 530","Windows 10",2.2,64961.1072,844.4943936
"88",608,"Lenovo","2 in 1 Convertible",15.6,"IPS Panel Full HD / Touchscreen 1920x1080","Intel Core i7 7700HQ 2.8GHz",8,"256GB SSD","Intel HD Graphics 630","Windows 10",2,69210.72,899.73936
"89",1106,"MSI","Gaming",17.3,"Full HD 1920x1080","Intel Core i7 6700HQ 2.6GHz",8,"128GB SSD +  1TB HDD","Nvidia GeForce GTX 960M","Windows 10",2.9,80516.2032,1046.7106416
"90",1124,"Asus","Notebook",15.6,"1366x768","Intel Core i3 7100U 2.4GHz",4,"1TB HDD","Intel HD Graphics 620","Windows 10",2,23176.8,301.2984
"91",782,"Toshiba","Ultrabook",14,"IPS Panel Full HD 1920x1080","Intel Core i7 6600U 2.6GHz",16,"512GB SSD","Nvidia GeForce 930M","Windows 10",1.47,93985.92,1221.81696
"92",156,"Lenovo","2 in 1 Convertible",14,"IPS Panel Full HD / Touchscreen 1920x1080","Intel Core i3 7100U 2.4GHz",4,"256GB SSD","Intel HD Graphics 620","Windows 10",1.74,33513.12,435.67056
"93",926,"Lenovo","Ultrabook",12.5,"IPS Panel Full HD 1920x1080","Intel Core i7 7500U 2.7GHz",8,"256GB SSD","Intel HD Graphics 620","Windows 10",1.36,87912,1142.856
"94",16,"Dell","Notebook",15.6,"Full HD 1920x1080","Intel Core i7 7500U 2.7GHz",8,"256GB SSD","AMD Radeon R5 M430","Windows 10",2.2,39693.6,516.0168
"95",37,"Dell","Notebook",17.3,"IPS Panel Full HD 1920x1080","Intel Core i5 8250U 1.6GHz",8,"128GB SSD +  1TB HDD","AMD Radeon 530","Windows 10",2.8,52161.12,678.09456
"96",823,"MSI","Gaming",15.6,"Full HD 1920x1080","Intel Core i5 7300HQ 2.5GHz",8,"256GB SSD","Nvidia GeForce GTX 1050","Windows 10",2.4,63882.72,830.47536
"97",900,"Dell","2 in 1 Convertible",13.3,"Quad HD+ / Touchscreen 3200x1800","Intel Core i7 7Y75 1.3GHz",8,"512GB SSD","Intel HD Graphics 615","Windows 10",1.24,107257.968,1394.353584
"98",1179,"HP","Notebook",15.6,"1366x768","Intel Core i3 6100U 2.3GHz",4,"500GB HDD","Intel HD Graphics 520","Windows 10",2.07,34632,450.216
"99",116,"HP","Notebook",14,"Full HD 1920x1080","Intel Core i7 8550U 1.8GHz",8,"512GB SSD","Intel UHD Graphics 620","Windows 10",1.63,57755.52,750.82176
"100",602,"Acer","Notebook",14,"Full HD 1920x1080","Intel Celeron Quad Core N3450 1.1GHz",4,"32GB Flash Storage","Intel HD Graphics 500","Windows 10",1.6,17529.12,227.87856
"101",894,"MSI","Gaming",17.3,"IPS Panel 4K Ultra HD 3840x2160","Intel Core i7 6700HQ 2.6GHz",16,"512GB SSD +  2TB HDD","Nvidia GeForce GTX 1060","Windows 10",2.43,141138.72,1834.80336
"102",940,"HP","Gaming",17.3,"IPS Panel Full HD 1920x1080","Intel Core i5 6300HQ 2.3GHz",8,"128GB SSD +  1TB HDD","Nvidia GeForce GTX 965M","Windows 10",2.75,74538.72,969.00336
"103",1011,"HP","Ultrabook",12.5,"Full HD 1920x1080","Intel Core i5 7200U 2.5GHz",4,"500GB HDD","Intel HD Graphics 620","Windows 10",1.26,81997.92,1065.97296
"104",423,"Asus","Notebook",15.6,"Full HD 1920x1080","Intel Core i3 7100U 2.4GHz",8,"1TB HDD","Nvidia GeForce 940MX","Linux",2.3,31808.16,413.50608
"105",334,"Asus","Gaming",15.6,"Full HD 1920x1080","Intel Core i7 7700HQ 2.8GHz",8,"256GB SSD","Nvidia GeForce GTX 1050","Windows 10",2.5,53226.72,691.94736
"106",71,"Dell","Ultrabook",13.3,"IPS Panel Full HD 1920x1080","Intel Core i7 8550U 1.8GHz",8,"256GB SSD","AMD Radeon 530","Windows 10",1.4,50882.4,661.4712
"107",1204,"Asus","Gaming",15.6,"Full HD 1920x1080","Intel Core i7 6700HQ 2.6GHz",8,"1TB HDD","Nvidia GeForce GTX 1060","Windows 10",2.2,62284.32,809.69616
"108",591,"Lenovo","Notebook",15.6,"Full HD 1920x1080","AMD A12-Series 9720P 3.6GHz",12,"512GB SSD","AMD Radeon 530","Windows 10",2.2,50562.72,657.31536
"109",1175,"Asus","Notebook",14,"Full HD 1920x1080","Intel Core i3 7100U 2.4GHz",4,"256GB SSD","Intel HD Graphics 620","Windows 10",2,40972.32,532.64016
"110",281,"Dell","Notebook",15.6,"Full HD 1920x1080","Intel Core i3 6006U 2.0GHz",4,"1TB HDD","AMD Radeon R5 M430","Linux",2.25,22803.84,296.44992
"111",545,"HP","Notebook",15.6,"Full HD 1920x1080","Intel Core i3 7100U 2.4GHz",4,"128GB SSD","Intel HD Graphics 620","Windows 10",2.1,37589.04,488.65752
"112",1009,"HP","Notebook",14,"1366x768","Intel Core i3 7100U 2.4GHz",4,"500GB HDD","Intel HD Graphics 620","Windows 10",1.64,36443.52,473.76576
"113",546,"Lenovo","Notebook",14,"Full HD 1920x1080","Intel Core i5 7200U 2.5GHz",4,"500GB HDD","Intel HD Graphics 620","Windows 10",1.87,41824.8,543.7224
"114",67,"HP","Notebook",14,"1366x768","Intel Celeron Dual Core N3060 1.6GHz",4,"32GB SSD","Intel HD Graphics 400","Windows 10",1.44,12201.12,158.61456
"115",968,"Dell","Gaming",17.3,"IPS Panel Full HD 1920x1080","Intel Core i7 7700HQ 2.8GHz",32,"256GB SSD +  1TB HDD","Nvidia GeForce GTX 1070","Windows 10",4.42,167778.72,2181.12336
"116",1109,"Asus","Gaming",15.6,"IPS Panel Full HD 1920x1080","Intel Core i7 6700HQ 2.6GHz",16,"128GB SSD +  1TB HDD","Nvidia GeForce GTX 960M","Windows 10",2.59,71341.92,927.44496
"117",463,"Lenovo","Notebook",14,"IPS Panel Full HD 1920x1080","Intel Core i7 7500U 2.7GHz",8,"512GB SSD","AMD Radeon R7 M460","No OS",1.5,42570.72,553.41936
"118",357,"Dell","Gaming",15.6,"Full HD 1920x1080","Intel Core i5 7300HQ 2.5GHz",8,"1TB HDD","Nvidia GeForce GTX 1050","Windows 10",2.65,53226.72,691.94736
"119",1298,"Lenovo","2 in 1 Convertible",14,"IPS Panel Full HD / Touchscreen 1920x1080","Intel Core i7 6500U 2.5GHz",4,"128GB SSD","Intel HD Graphics 520","Windows 10",1.8,33992.64,441.90432
"120",928,"Dell","Notebook",15.6,"1366x768","Intel Core i5 7200U 2.5GHz",4,"1TB HDD","Intel HD Graphics 620","Windows 10",2.18,37725.4368,490.4306784
"121",177,"MSI","Gaming",18.4,"Full HD 1920x1080","Intel Core i7 6920HQ 2.9GHz",32,"512GB SSD +  1TB HDD","Nvidia GTX 980 SLI","Windows 10",4.4,149130.72,1938.69936
"122",652,"Dell","Ultrabook",13.3,"Full HD 1920x1080","Intel Core i5 8250U 1.6GHz",8,"256GB SSD","Intel UHD Graphics 620","Windows 10",1.2,77250.672,1004.258736
"123",648,"Toshiba","Notebook",13.3,"Full HD 1920x1080","Intel Core i5 6200U 2.3GHz",8,"256GB SSD","Intel HD Graphics 520","Windows 10",1.2,64628.64,840.17232
"124",536,"Dell","Notebook",15.6,"Full HD 1920x1080","Intel Core i5 8250U 1.6GHz",8,"256GB SSD","AMD Radeon 530","Windows 10",2.2,42486.0048,552.3180624
"125",1194,"Dell","2 in 1 Convertible",13.3,"IPS Panel Full HD / Touchscreen 1920x1080","Intel Core i5 7200U 2.5GHz",8,"256GB SSD","Intel HD Graphics 620","Windows 10",1.6,63882.72,830.47536
"126",369,"HP","Ultrabook",14,"IPS Panel Full HD 1920x1080","Intel Core i7 7500U 2.7GHz",8,"256GB SSD","Intel HD Graphics 620","Windows 10",1.36,93240,1212.12
"127",420,"Lenovo","2 in 1 Convertible",15.6,"IPS Panel 4K Ultra HD / Touchscreen 3840x2160","Intel Core i7 7700HQ 2.8GHz",16,"512GB SSD","Nvidia GeForce GTX 1050","Windows 10",2,101178.72,1315.32336
"128",288,"Lenovo","Gaming",15.6,"IPS Panel Full HD 1920x1080","Intel Core i7 7700HQ 2.8GHz",16,"256GB SSD +  1TB HDD","Nvidia GeForce GTX 1050 Ti","Windows 10",2.5,62817.12,816.62256
"129",604,"Dell","Notebook",15.6,"1366x768","Intel Core i3 6006U 2GHz",4,"1TB HDD","AMD Radeon R5 M420","Linux",2.18,24775.2,322.0776
"130",623,"Fujitsu","Notebook",15.6,"1366x768","Intel Core i5 7200U 2.5GHz",8,"256GB SSD","Intel HD Graphics 620","Windows 10",2.2,42570.72,553.41936
"131",424,"Dell","Gaming",17.3,"IPS Panel 2560x1440","Intel Core i7 7820HK 2.9GHz",16,"256GB SSD +  1TB HDD","Nvidia GeForce GTX 1070","Windows 10",4.42,149130.72,1938.69936
"132",324,"Acer","Notebook",15.6,"1366x768","AMD A12-Series 9720P 2.7GHz",8,"256GB SSD","AMD Radeon RX 540","Windows 10",2.2,35111.52,456.44976
"133",373,"Lenovo","Notebook",17.3,"1600x900","AMD A8-Series 7410 2.2GHz",4,"128GB SSD","AMD Radeon R5","Windows 10",2.6,26053.92,338.70096
"134",583,"Dell","Notebook",15.6,"Full HD 1920x1080","Intel Core i7 7600U 2.8GHz",16,"256GB SSD","Nvidia GeForce 930MX","Windows 10",1.93,81912.1392,1064.8578096
"135",700,"Dell","Gaming",15.6,"Full HD 1920x1080","Intel Core i5 7300HQ 2.5GHz",8,"1TB HDD","Nvidia GeForce GTX 1050","Windows 10",2.56,43636.32,567.27216
"136",992,"Lenovo","Notebook",15.6,"1366x768","Intel Celeron Dual Core N3350 1.1GHz",4,"128GB SSD","Intel HD Graphics 500","No OS",1.9,14418.6336,187.4422368
"137",218,"Dell","Ultrabook",14,"Full HD 1920x1080","Intel Core i5 8250U 1.6GHz",8,"256GB SSD","Intel UHD Graphics 620","Windows 10",1.6,61218.72,795.84336
"138",479,"Toshiba","Notebook",13.3,"IPS Panel Full HD 1920x1080","Intel Core i5 7200U 2.5GHz",8,"256GB SSD","Intel HD Graphics 620","Windows 10",1.05,89084.16,1158.09408
"139",97,"Dell","Notebook",15.6,"Full HD 1920x1080","Intel Core i3 6006U 2GHz",4,"256GB SSD","AMD Radeon R5 M430","Linux",2.2,25840.8,335.9304
"140",977,"Asus","2 in 1 Convertible",15.6,"4K Ultra HD / Touchscreen 3840x2160","Intel Core i7 7500U 2.7GHz",16,"512GB SSD +  2TB HDD","Nvidia GeForce GTX 950M","Windows 10",2.3,95850.72,1246.05936
"141",391,"Asus","Gaming",17.3,"Full HD 1920x1080","Intel Core i7 7700HQ 2.8GHz",16,"256GB SSD +  1TB HDD","Nvidia GeForce GTX 1050 Ti","Windows 10",3,84768.48,1101.99024
"142",512,"Dell","Notebook",15.6,"Full HD 1920x1080","Intel Core i5 7200U 2.5GHz",8,"1TB HDD","Intel HD Graphics 620","Windows 10",2.18,44542.08,579.04704
"143",947,"Lenovo","Notebook",15.6,"Full HD 1920x1080","Intel Core i7 7500U 2.7GHz",8,"1TB HDD","Nvidia GeForce 920MX","No OS",2.2,36496.8,474.4584
"144",572,"HP","Notebook",15.6,"IPS Panel Full HD 1920x1080","AMD A9-Series A9-9420 3GHz",6,"256GB SSD","AMD Radeon 530","Windows 10",1.95,34578.72,449.52336
"145",739,"Acer","Notebook",15.6,"1366x768","Intel Core i3 6006U 2GHz",4,"500GB HDD","Intel HD Graphics 520","Windows 10",2.4,21887.424,284.536512
"146",1059,"MSI","Gaming",15.6,"Full HD 1920x1080","Intel Core i7 6700HQ 2.6GHz",16,"256GB SSD +  1TB HDD","Nvidia GeForce GTX 1060","Windows 10",2.94,96916.32,1259.91216
"147",34,"Apple","Ultrabook",13.3,"1440x900","Intel Core i5 1.6GHz",8,"256GB Flash Storage","Intel HD Graphics 6000","Mac OS X",1.35,53173.44,691.25472
"148",809,"Lenovo","Notebook",15.6,"Full HD 1920x1080","Intel Core i5 7200U 2.5GHz",4,"1TB HDD","Nvidia GeForce 920M","Windows 10",2.4,32447.52,421.81776
"149",714,"Dell","Notebook",15.6,"Full HD 1920x1080","Intel Core i5 7300U 2.6GHz",16,"512GB SSD","Intel HD Graphics 620","Windows 10",1.93,76012.4448,988.1617824
"150",1200,"Dell","Notebook",15.6,"1366x768","Intel Core i3 6006U 2.0GHz",4,"128GB SSD","AMD Radeon R7 M440","Windows 10",2.3,26586.72,345.62736
"151",270,"Apple","Ultrabook",13.3,"IPS Panel Retina Display 2560x1600","Intel Core i5 2.9GHz",8,"512GB SSD","Intel Iris Graphics 550","macOS",1.37,104370.192,1356.812496
"152",1079,"HP","Notebook",15.6,"Full HD 1920x1080","Intel Core i5 6200U 2.3GHz",4,"500GB HDD","Intel HD Graphics 520","Windows 7",2.31,50083.2,651.0816
"153",906,"HP","Netbook",12.5,"Full HD 1920x1080","Intel Core i7 7500U 2.7GHz",8,"512GB SSD","Intel HD Graphics 620","Windows 10",1.26,79014.24,1027.18512
"154",269,"Lenovo","Notebook",15.6,"Full HD 1920x1080","Intel Core i7 8550U 1.8GHz",8,"256GB SSD","Intel UHD Graphics 620","Windows 10",2.05,46886.4,609.5232
"155",769,"Acer","Notebook",15.6,"1366x768","Intel Pentium Quad Core N4200 1.1GHz",4,"1TB HDD","Intel HD Graphics 505","Linux",2.1,15877.44,206.40672
"156",599,"Dell","Workstation",15.6,"Full HD / Touchscreen 1920x1080","Intel Core i7 7700HQ 2.8GHz",8,"256GB SSD","Nvidia Quadro M620","Windows 10",2.06,93932.64,1221.12432
"157",711,"Dell","Notebook",14,"Full HD 1920x1080","Intel Core i5 7440HQ 2.8GHz",8,"256GB SSD","Nvidia GeForce 930MX","Linux",1.64,58021.92,754.28496
"158",1006,"HP","Notebook",14,"Full HD 1920x1080","Intel Core i5 7200U 2.5GHz",4,"256GB SSD","Intel HD Graphics 620","Windows 10",1.95,64202.4,834.6312
"159",1033,"HP","Notebook",14,"Full HD 1920x1080","Intel Core i5 6200U 2.3GHz",8,"256GB SSD","Intel HD Graphics 520","Windows 7",1.95,63669.6,827.7048
"160",733,"Acer","Notebook",15.6,"1366x768","Intel Core i5 7200U 2.5GHz",4,"500GB HDD","Intel HD Graphics 620","Windows 10",2.4,29783.52,387.18576
"161",515,"Asus","Netbook",11.6,"1366x768","Intel Celeron Dual Core N3350 1.1GHz",2,"32GB Flash Storage","Intel HD Graphics 500","Windows 10",1.1,13053.6,169.6968
"162",264,"Dell","Notebook",15.6,"Full HD 1920x1080","Intel Core i5 7200U 2.5GHz",8,"1TB HDD","AMD Radeon R5 M430","Windows 10",2.24,30103.2,391.3416
"163",502,"Lenovo","2 in 1 Convertible",13.9,"IPS Panel Full HD / Touchscreen 1920x1080","Intel Core i5 8250U 1.6GHz",8,"256GB SSD","Intel UHD Graphics 620","Windows 10",1.4,85194.72,1107.53136
"164",1142,"HP","2 in 1 Convertible",13.3,"Full HD / Touchscreen 1920x1080","Intel Core i5 6300U 2.4GHz",8,"256GB SSD","Intel HD Graphics 520","Windows 10",1.48,86793.12,1128.31056
"165",960,"Toshiba","Notebook",13.3,"Full HD 1920x1080","Intel Core i5 6300U 2.4GHz",8,"256GB SSD","Intel HD Graphics 520","Windows 10",1.2,81784.8,1063.2024
"166",227,"Asus","Notebook",15.6,"Full HD 1920x1080","Intel Core i5 7200U 2.5GHz",8,"256GB SSD","Nvidia GeForce 920MX","Windows 10",2,40972.32,532.64016
"167",744,"Lenovo","Workstation",15.6,"IPS Panel 4K Ultra HD 3840x2160","Intel Core i7 7600U 2.8GHz",16,"1TB SSD","Nvidia Quadro M520M","Windows 10",2.5,175770.72,2285.01936
"168",375,"HP","Notebook",15.6,"Full HD 1920x1080","AMD A9-Series 9420 3GHz",4,"256GB SSD","AMD Radeon R5","Windows 10",1.91,26053.3872,338.6940336
"169",381,"Lenovo","Notebook",15.6,"Full HD 1920x1080","Intel Core i3 6006U 2GHz",4,"128GB SSD","Intel HD Graphics 520","No OS",1.85,21498.48,279.48024
"170",480,"Dell","Notebook",15.6,"IPS Panel Full HD 1920x1080","Intel Core i7 8550U 1.8GHz",8,"512GB SSD","Nvidia GeForce 940MX","Windows 10",2.16,67239.36,874.11168
"171",313,"Acer","Notebook",15.6,"Full HD 1920x1080","AMD A8-Series 7410 2.2GHz",8,"256GB SSD","AMD Radeon R5","Windows 10",2.23,24988.32,324.84816
"172",284,"Acer","Notebook",15.6,"IPS Panel Full HD 1920x1080","Intel Core i7 8550U 1.8GHz",8,"256GB SSD","Nvidia GeForce MX150","Windows 10",3,50669.28,658.70064
"173",1161,"MSI","Gaming",14,"Full HD 1920x1080","Intel Core i7 6700HQ 2.6GHz",16,"256GB SSD +  1TB HDD","Nvidia GeForce GTX 970M","Windows 10",1.7,94252.32,1225.28016
"174",445,"Dell","Notebook",14,"Full HD 1920x1080","Intel Core i5 7440HQ 2.8GHz",8,"256GB SSD","Nvidia GeForce 930MX","Windows 10",1.64,62817.12,816.62256
"175",1036,"HP","Notebook",15.6,"1366x768","Intel Core i5 7200U 2.5GHz",4,"500GB HDD","Intel HD Graphics 620","Windows 10",2.04,39533.76,513.93888
"176",214,"Huawei","Ultrabook",13,"IPS Panel Full HD 2160x1440","Intel Core i7 7500U 2.7GHz",8,"512GB SSD","Intel HD Graphics 620","Windows 10",1.05,79866.72,1038.26736
"177",660,"Dell","Notebook",14,"Full HD 1920x1080","Intel Core i5 6300U 2.4GHz",8,"256GB SSD","Intel HD Graphics 520","Windows 10",1.56,65481.12,851.25456
"178",488,"Lenovo","Ultrabook",12.5,"IPS Panel Full HD 1920x1080","Intel Core i7 7500U 2.7GHz",16,"512GB SSD","Intel HD Graphics 620","Windows 10",1.36,95797.44,1245.36672
"179",1094,"HP","Netbook",12.5,"1366x768","Intel Core i5 6200U 2.3GHz",4,"128GB SSD","Intel HD Graphics 520","Windows 7",2.4,85194.72,1107.53136
"180",867,"Lenovo","2 in 1 Convertible",13.3,"IPS Panel Full HD / Touchscreen 1920x1080","Intel Core i7 7500U 2.7GHz",8,"256GB SSD","Intel HD Graphics 620","Windows 10",1.37,103896,1350.648
"181",1190,"Lenovo","Gaming",15.6,"IPS Panel Full HD 1920x1080","Intel Core i5 7300HQ 2.5GHz",8,"1TB HDD","Nvidia GeForce GTX 1050","Windows 10",2.4,43636.32,567.27216
"182",959,"Acer","2 in 1 Convertible",11.6,"IPS Panel Touchscreen 1366x768","Intel Celeron Dual Core N3060 1.6GHz",4,"32GB Flash Storage","Intel HD Graphics 400","Chrome OS",1.25,20725.92,269.43696
"183",629,"Dell","Notebook",15.6,"Full HD 1920x1080","Intel Core i7 7700HQ 2.8GHz",8,"256GB SSD","Nvidia GeForce GTX 1050","Windows 10",2,96969.6,1260.6048
"184",115,"HP","2 in 1 Convertible",13.3,"IPS Panel Full HD / Touchscreen 1920x1080","Intel Core i5 8250U 1.6GHz",8,"256GB SSD","Intel UHD Graphics 620","Windows 10",1.26,74538.1872,968.9964336
"185",590,"Asus","2 in 1 Convertible",15.6,"Touchscreen 1366x768","Intel Core i5 7200U 2.5GHz",8,"1TB HDD","Intel HD Graphics 520","Windows 10",2.2,39373.92,511.86096
"186",596,"Lenovo","2 in 1 Convertible",13.3,"IPS Panel Full HD / Touchscreen 1920x1080","Intel Core i7 7500U 2.7GHz",8,"512GB SSD","Intel HD Graphics 620","Windows 10",1.37,107892,1402.596
"187",1137,"Dell","Notebook",15.6,"1366x768","Intel Core i5 7200U 2.5GHz",8,"1TB HDD","AMD Radeon R7 M445","Windows 10",2.5,41771.52,543.02976
"188",449,"Microsoft","Ultrabook",13.5,"Touchscreen 2256x1504","Intel Core i7 7660U 2.5GHz",16,"512GB SSD","Intel Iris Plus Graphics 640","Windows 10 S",1.25,137941.92,1793.24496
"189",964,"HP","Notebook",15.6,"1366x768","Intel Core i5 7200U 2.50GHz",8,"1TB HDD","Nvidia GeForce 930MX","Windows 10",2.04,45101.52,586.31976
"190",863,"Lenovo","Gaming",15.6,"IPS Panel Full HD 1920x1080","Intel Core i5 7300HQ 2.5GHz",8,"1TB HDD","Nvidia GeForce GTX 1050","No OS",2.5,54185.76,704.41488
"191",1232,"Dell","Notebook",15.6,"Touchscreen 1366x768","Intel Core i3 7100U 2.4GHz",8,"1TB HDD","Intel HD Graphics 620","Windows 10",2.3,24988.8528,324.8550864
"192",874,"Samsung","Ultrabook",15,"Full HD 1920x1080","Intel Core i7 7500U 2.7GHz",16,"256GB SSD","Nvidia GeForce 940MX","Windows 10",1.23,98514.72,1280.69136
"193",494,"Asus","Gaming",17.3,"IPS Panel Full HD / Touchscreen 1920x1080","Intel Core i7 6700HQ 2.6GHz",24,"256GB SSD +  1TB HDD","Nvidia GeForce GTX 965M","Windows 10",4.33,67612.32,878.96016
"194",1072,"HP","Ultrabook",12.5,"Full HD 1920x1080","Intel Core i5 6200U 2.3GHz",8,"256GB SSD","Intel HD Graphics 520","Windows 7",1.26,63882.72,830.47536
"195",1116,"Lenovo","Gaming",17.3,"IPS Panel Full HD 1920x1080","Intel Core i7 6820HK 2.7GHz",16,"256GB SSD +  1.0TB Hybrid","Nvidia GeForce GTX 980M","Windows 10",4.6,146519.4672,1904.7530736
"196",160,"Asus","Notebook",15.6,"1366x768","AMD A9-Series 9420 3GHz",4,"1TB HDD","AMD Radeon R5 M420","Windows 10",2.03,21471.84,279.13392
"197",1025,"HP","Ultrabook",12.5,"1366x768","Intel Core i5 7200U 2.5GHz",4,"256GB SSD","Intel HD Graphics 620","Windows 10",1.26,83063.52,1079.82576
"198",416,"Dell","Notebook",13.3,"1366x768","Intel Core i3 6006U 2GHz",4,"128GB SSD","Intel HD Graphics 520","Windows 10",1.65,36709.92,477.22896
"199",230,"Asus","Notebook",15.6,"1366x768","Intel Core i3 7100U 2.4GHz",4,"1TB HDD","Intel HD Graphics 620","Windows 10",2.37,21258.1872,276.3564336
"200",524,"Dell","Notebook",17.3,"IPS Panel Full HD 1920x1080","Intel Core i5 8250U 1.6GHz",8,"128GB SSD +  1TB HDD","AMD Radeon 530","Linux",2.8,47365.92,615.75696
"201",33,"Dell","Ultrabook",13.3,"Touchscreen / Quad HD+ 3200x1800","Intel Core i7 8550U 1.8GHz",16,"512GB SSD","Intel UHD Graphics 620","Windows 10",1.2,99580.32,1294.54416
"202",877,"Xiaomi","Ultrabook",13.3,"IPS Panel Full HD 1920x1080","Intel Core i5 6200U 2.3GHz",8,"256GB SSD","Nvidia GeForce 940MX","Windows 10",1.28,49816.8,647.6184
"203",750,"Lenovo","Netbook",11.6,"Touchscreen 1366x768","Intel Celeron Dual Core N3060 1.6GHz",4,"128GB SSD","Intel HD Graphics 400","Windows 10",1.4,25308,329.004
"204",202,"Acer","Notebook",15.6,"Full HD 1920x1080","Intel Core i7 7500U 2.7GHz",8,"1TB HDD","Nvidia GeForce 940MX","Windows 10",2.23,39533.76,513.93888
"205",1157,"Lenovo","Ultrabook",14,"Full HD 1920x1080","Intel Core i7 6600U 2.6GHz",12,"512GB SSD","Intel HD Graphics 520","Windows 7",1.4,122490.72,1592.37936
"206",315,"Dell","Notebook",15.6,"Full HD 1920x1080","Intel Core i5 8250U 1.6GHz",8,"128GB SSD +  1TB HDD","AMD Radeon 530","Windows 10",2.33,44968.32,584.58816
"207",1250,"Dell","Notebook",15.6,"1366x768","Intel Pentium Quad Core N3710 1.6GHz",4,"500GB HDD","Intel HD Graphics","Linux",2.2,17262.72,224.41536
"208",462,"Asus","Notebook",15.6,"Full HD 1920x1080","Intel Core i5 7200U 2.5GHz",8,"1TB HDD","Intel HD Graphics 620","Windows 10",2.37,39906.72,518.78736
"209",74,"Acer","Notebook",14,"1366x768","Intel Core i3 6006U 2GHz",8,"1TB HDD","Intel HD Graphics 520","Windows 10",2.1,20725.92,269.43696
"210",1185,"Asus","Gaming",15.6,"IPS Panel Full HD 1920x1080","Intel Core i7 6700HQ 2.6GHz",8,"256GB SSD +  1TB HDD","Nvidia GeForce GTX 960M","Windows 10",2.591,48431.52,629.60976
"211",1291,"Acer","Notebook",15.6,"1366x768","Intel Celeron Dual Core N3060 1.6GHz",4,"500GB HDD","Intel HD Graphics 400","Linux",2.4,15397.92,200.17296
"212",632,"Lenovo","Notebook",15.6,"Full HD 1920x1080","Intel Core i5 8250U 1.6GHz",4,"256GB SSD","Intel UHD Graphics 620","Windows 10",1.8,44169.12,574.19856
"213",695,"Acer","Netbook",11.6,"1366x768","Intel Celeron Dual Core N3050 1.6GHz",4,"32GB Flash Storage","Intel HD Graphics","Windows 10",1.4,14332.32,186.32016
"214",144,"HP","Notebook",15.6,"1366x768","AMD A6-Series 9220 2.5GHz",4,"256GB SSD","AMD Radeon R4 Graphics","Windows 10",1.86,19660.32,255.58416
"215",279,"Lenovo","Notebook",17.3,"Full HD 1920x1080","Intel Core i7 8550U 1.8GHz",8,"2TB HDD","Nvidia GeForce MX150","No OS",2.8,45234.72,588.05136
"216",710,"Lenovo","Gaming",15.6,"IPS Panel Full HD 1920x1080","Intel Core i7 7700HQ 2.8GHz",8,"128GB SSD +  1TB HDD","Nvidia GeForce GTX 1050 Ti","Windows 10",2.5,66546.72,865.10736
"217",1100,"Dell","Ultrabook",12.5,"1366x768","Intel Core i3 6100U 2.3GHz",4,"500GB HDD","Intel HD Graphics 520","Windows 7",1.5,60480.792,786.250296
"218",1219,"Acer","2 in 1 Convertible",14,"IPS Panel Full HD / Touchscreen 1920x1080","Intel Core i7 7Y75 1.3GHz",8,"256GB SSD","Intel HD Graphics 615","Windows 10",1.2,61218.72,795.84336
"219",150,"Dell","Gaming",15.6,"Full HD 1920x1080","Intel Core i7 7700HQ 2.8GHz",16,"512GB SSD","Nvidia GeForce GTX 1050","Windows 10",2.56,66560.5728,865.2874464
"220",243,"Dell","Gaming",15.6,"Full HD 1920x1080","Intel Core i5 7300HQ 2.5GHz",8,"256GB SSD","Nvidia GeForce GTX 1050","Windows 10",2.56,46833.12,608.83056
"221",1001,"HP","Notebook",13.3,"IPS Panel Full HD 1920x1080","Intel Core i5 7200U 2.5GHz",8,"256GB SSD","Intel HD Graphics 620","Windows 10",1.34,63349.92,823.54896
"222",775,"Asus","2 in 1 Convertible",15.6,"Full HD / Touchscreen 1920x1080","Intel Core i7 7500U 2.7GHz",12,"2TB HDD","Nvidia GeForce 940MX","Windows 10",2.3,44701.92,581.12496
"223",223,"HP","Notebook",15.6,"Full HD 1920x1080","Intel Core i5 8250U 1.6GHz",8,"1TB HDD","Intel UHD Graphics 620","Windows 10",2.1,42304.32,549.95616
"224",1026,"HP","Notebook",14,"1366x768","Intel Core i5 7200U 2.5GHz",4,"500GB HDD","Intel HD Graphics 620","Windows 10",2.31,63349.92,823.54896
"225",1045,"HP","Notebook",15.6,"Full HD 1920x1080","Intel Core i5 6300U 2.4GHz",8,"256GB SSD +  500GB HDD","Intel HD Graphics 520","Windows 10",1.84,112065.9552,1456.8574176
"226",336,"Dell","Ultrabook",15.6,"IPS Panel Full HD 1920x1080","Intel Core i5 8250U 1.6GHz",8,"128GB SSD +  1TB HDD","Nvidia GeForce 940MX","Windows 10",1.9,55890.72,726.57936
"227",709,"HP","Notebook",17.3,"IPS Panel Full HD 1920x1080","AMD A10-Series 9620P 2.5GHz",6,"2TB HDD","AMD Radeon 530","Windows 10",2.71,34898.9328,453.6861264
"228",703,"Lenovo","Notebook",15.6,"Full HD 1920x1080","Intel Core i5 7200U 2.5GHz",4,"1TB HDD +  1TB HDD","Intel HD Graphics 620","Windows 10",2.1,33110.856,430.441128
"229",31,"Asus","Notebook",14,"1366x768","AMD E-Series E2-6110 1.5GHz",2,"32GB Flash Storage","AMD Radeon R2","Windows 10",1.65,10602.72,137.83536
"230",630,"Asus","Ultrabook",14,"Full HD 1920x1080","Intel Core i7 7500U 2.7GHz",16,"512GB SSD","Intel HD Graphics 620","Windows 10",1.1,101232,1316.016
"231",514,"Xiaomi","Notebook",15.6,"IPS Panel Full HD 1920x1080","Intel Core i7 8550U 1.8GHz",16,"256GB SSD","Nvidia GeForce MX150","No OS",1.95,74589.336,969.661368
"232",576,"Toshiba","Ultrabook",14,"Full HD / Touchscreen 1920x1080","Intel Core i7 7500U 2.7GHz",16,"512GB SSD","Intel HD Graphics 620","Windows 10",1.24,99367.2,1291.7736
"233",454,"Dell","Notebook",15.6,"Full HD 1920x1080","Intel Core i7 8550U 1.8GHz",8,"128GB SSD +  1TB HDD","AMD Radeon 530","Windows 10",2.36,52161.12,678.09456
"234",1119,"Asus","Gaming",17.3,"Full HD 1920x1080","Intel Core i7 6700HQ 2.6GHz",8,"128GB SSD +  1TB HDD","Nvidia GeForce GTX 960M","Windows 10",3.52,69929.4672,909.0830736
"235",1132,"Asus","Notebook",14,"1366x768","Intel Celeron Dual Core N3350 1.1GHz",4,"32GB Flash Storage","Intel HD Graphics 500","Windows 10",1.5,14811.84,192.55392
"236",589,"Asus","Gaming",17.3,"IPS Panel Full HD 1920x1080","Intel Core i5 7300HQ 2.5GHz",8,"128GB SSD +  1TB HDD","Nvidia GeForce GTX 1060","Windows 10",2.73,94305.6,1225.9728
"237",688,"HP","Notebook",17.3,"IPS Panel Full HD 1920x1080","AMD A10-Series 9600P 2.4GHz",6,"2TB HDD","AMD Radeon R7 M440","Windows 10",2.65,30316.32,394.11216
"238",693,"Lenovo","2 in 1 Convertible",14,"Touchscreen 2560x1440","Intel Core i7 7500U 2.7GHz",8,"256GB SSD","Intel HD Graphics 620","Windows 10",1.42,137995.2,1793.9376
"239",738,"MSI","Gaming",15.6,"Full HD 1920x1080","Intel Core i7 7700HQ 2.8GHz",16,"256GB SSD +  1TB HDD","Nvidia GeForce GTX 1060","Windows 10",1.8,111593.8944,1450.7206272
"240",974,"Asus","Gaming",17.3,"Full HD 1920x1080","Intel Core i7 7700HQ 2.8GHz",16,"256GB SSD +  1TB HDD","Nvidia GeForce GTX 1060","Windows 10",2.73,109218.672,1419.842736
"241",172,"Lenovo","Notebook",15.6,"1366x768","AMD A6-Series 9220 2.9GHz",4,"500GB HDD","AMD Radeon R4 Graphics","No OS",2.2,16463.52,214.02576
"242",1289,"Asus","Ultrabook",13.3,"IPS Panel Full HD 1920x1080","Intel Core M 6Y30 0.9GHz",8,"512GB SSD","Intel HD Graphics 515","Windows 10",1.2,38841.12,504.93456
"243",811,"MSI","Gaming",17.3,"Full HD 1920x1080","Intel Core i7 7700HQ 2.8GHz",16,"512GB SSD +  1TB HDD","Nvidia GeForce GTX 1070","Windows 10",2.9,128671.2,1672.7256
"244",970,"Dell","2 in 1 Convertible",13.3,"Quad HD+ / Touchscreen 3200x1800","Intel Core i7 7Y75 1.3GHz",16,"512GB SSD","Intel HD Graphics 615","Windows 10",1.22,101178.72,1315.32336
"245",861,"HP","Notebook",15.6,"Full HD 1920x1080","Intel Core i5 7300U 2.6GHz",8,"256GB SSD","AMD Radeon R7 M465","Windows 10",1.84,71874.72,934.37136
"246",772,"Toshiba","Notebook",14,"IPS Panel 1366x768","Intel Core i5 6200U 2.3GHz",4,"128GB SSD","Intel HD Graphics 520","Windows 10",1.75,54345.6,706.4928
"247",413,"Acer","2 in 1 Convertible",13.3,"IPS Panel Full HD / Touchscreen 1920x1080","Intel Core i7 6500U 2.5GHz",8,"256GB SSD","Intel HD Graphics 520","Windows 10",1.6,42038.4528,546.4998864
"248",532,"Asus","Notebook",15.6,"IPS Panel 4K Ultra HD 3840x2160","Intel Core i7 7500U 2.7GHz",8,"256GB SSD +  1TB HDD","Nvidia GeForce GTX 960M","Windows 10",2,69210.72,899.73936
"249",10,"HP","Notebook",15.6,"1366x768","Intel Core i5 7200U 2.5GHz",4,"500GB HDD","Intel HD Graphics 620","No OS",1.86,20986.992,272.830896
"250",840,"Asus","Gaming",17.3,"Full HD 1920x1080","Intel Core i7 6700HQ 2.6GHz",16,"512GB SSD +  1TB HDD","Nvidia GeForce GTX 1060","Windows 10",2.73,95850.72,1246.05936
"251",485,"Lenovo","Notebook",14,"IPS Panel Full HD 1920x1080","Intel Core i5 8250U 1.6GHz",8,"256GB SSD","Intel UHD Graphics 620","Windows 10",1.75,55890.72,726.57936
"252",999,"HP","Ultrabook",14,"Full HD 1920x1080","Intel Core i7 7500U 2.7GHz",8,"512GB SSD","Intel HD Graphics 620","Windows 10",1.48,111301.92,1446.92496
"253",916,"HP","Notebook",13.3,"Full HD 1920x1080","Intel Core i5 7200U 2.5GHz",8,"256GB SSD","Intel HD Graphics 620","Windows 10",1.49,51148.8,664.9344
"254",1135,"Lenovo","Notebook",15.6,"Full HD 1920x1080","Intel Core i7 6500U 2.5GHz",16,"1.0TB Hybrid","AMD Radeon R7 M360","Windows 10",2.5,58554.72,761.21136
"255",217,"HP","Notebook",14,"Full HD 1920x1080","Intel Core i7 8550U 1.8GHz",8,"256GB SSD","Nvidia GeForce 930MX","Windows 10",1.63,54931.68,714.11184
"256",246,"HP","Notebook",15.6,"Touchscreen 1366x768","Intel Core i5 7200U 2.5GHz",8,"1TB HDD","Intel HD Graphics 620","Windows 10",2.04,29783.52,387.18576
"257",689,"Lenovo","Notebook",15.6,"1366x768","Intel Celeron Dual Core 3855U 1.6GHz",4,"500GB HDD","Intel HD Graphics 510","Windows 10",2.1,16943.04,220.25952
"258",998,"Asus","Gaming",15.6,"Full HD 1920x1080","Intel Core i7 7700HQ 2.8GHz",16,"256GB SSD +  1TB HDD","Nvidia GeForce GTX 1050 Ti","Windows 10",2.5,95850.72,1246.05936
"259",908,"Lenovo","Notebook",15.6,"IPS Panel Full HD 1920x1080","Intel Core i5 6300HQ 2.3GHz",8,"128GB SSD +  1TB HDD","Nvidia GeForce GTX 960M","Windows 10",2.6,42037.92,546.49296
"260",1080,"Lenovo","Ultrabook",12.5,"IPS Panel Touchscreen 2560x1440","Intel Core M 6Y75 1.2GHz",8,"512GB SSD","Intel HD Graphics 515","Windows 10",0.99,74538.72,969.00336
"261",996,"HP","Ultrabook",13.3,"IPS Panel Full HD / Touchscreen 1920x1080","Intel Core i7 7500U 2.7GHz",8,"256GB SSD","Intel HD Graphics 620","Windows 10",1.11,71874.72,934.37136
"262",1193,"Apple","Ultrabook",12,"IPS Panel Retina Display 2304x1440","Intel Core M 1.1GHz",8,"256GB Flash Storage","Intel HD Graphics 5300","Mac OS X",0.92,61964.64,805.54032
"263",112,"Lenovo","2 in 1 Convertible",13.3,"IPS Panel Full HD / Touchscreen 1920x1080","Intel Core i5 7200U 2.5GHz",8,"256GB SSD","Intel HD Graphics 620","Windows 10",1.37,74538.72,969.00336
"264",164,"Acer","Notebook",15.6,"1366x768","Intel Celeron Dual Core N3350 1.1GHz",4,"1TB HDD","Intel HD Graphics 500","Windows 10",2.1,18541.44,241.03872
"265",692,"HP","Workstation",17.3,"Full HD 1920x1080","Intel Core i7 7700HQ 2.8GHz",8,"500GB HDD","Nvidia Quadro M1200","Windows 10",3.14,101657.7072,1321.5501936
"266",1115,"Dell","Ultrabook",13.3,"Full HD 1920x1080","Intel Core i7 7560U 2.4GHz",8,"256GB SSD","Intel Iris Plus Graphics 640","Windows 10",1.23,73473.12,955.15056
"267",1117,"Razer","Ultrabook",12.5,"Touchscreen / 4K Ultra HD 3840x2160","Intel Core i7 6500U 2.5GHz",8,"256GB SSD","Intel HD Graphics 520","Windows 10",1.25,54825.12,712.72656
"268",597,"Lenovo","Notebook",14,"IPS Panel Full HD 1920x1080","Intel Core i5 7300HQ 2.5GHz",8,"256GB SSD","Intel HD Graphics 630","Windows 10",1.7,78534.72,1020.95136
"269",371,"Acer","Notebook",15.6,"1366x768","AMD A9-Series 9420 3GHz",4,"128GB SSD","AMD Radeon R5","Windows 10",2.1,22697.28,295.06464
"270",821,"Toshiba","Ultrabook",14,"1366x768","Intel Core i5 7200U 2.5GHz",4,"128GB SSD","Intel HD Graphics 620","Windows 10",1.25,58075.2,754.9776
"271",1294,"HP","Notebook",15.6,"Full HD 1920x1080","AMD A9-Series 9410 2.9GHz",6,"1.0TB Hybrid","AMD Radeon R7 M440","Windows 10",2.04,29303.4672,380.9450736
"272",1270,"Lenovo","2 in 1 Convertible",14,"IPS Panel Full HD / Touchscreen 1920x1080","Intel Core i7 6500U 2.5GHz",4,"128GB SSD","Intel HD Graphics 520","Windows 10",1.8,33992.64,441.90432
"273",262,"HP","Notebook",15.6,"IPS Panel Full HD 1920x1080","Intel Core i5 8250U 1.6GHz",4,"500GB HDD","Intel HD Graphics 620","Windows 10",2.1,38468.16,500.08608
"274",1276,"Dell","Notebook",15.6,"1366x768","Intel Core i3 7100U 2.4GHz",6,"1TB HDD","Intel HD Graphics 620","Windows 10",2.3,24455.52,317.92176
"275",147,"Asus","Notebook",15.6,"Full HD 1920x1080","Intel Celeron Dual Core N3350 1.1GHz",4,"1TB HDD","Intel HD Graphics 500","Windows 10",2,18328.32,238.26816
"276",735,"Lenovo","Notebook",15.6,"Full HD 1920x1080","Intel Core i7 7500U 2.7GHz",4,"1TB HDD","Intel HD Graphics 620","Windows 10",1.85,41505.12,539.56656
"277",503,"Lenovo","Notebook",14,"1366x768","Intel Celeron Dual Core N3350 1.1GHz",4,"500GB HDD","Intel HD Graphics 500","Windows 10",2.1,15930.72,207.09936
"278",1090,"Dell","Notebook",15.6,"1366x768","Intel Pentium Quad Core N3700 1.6GHz",4,"500GB HDD","Intel HD Graphics","Linux",2.2,20965.1472,272.5469136
"279",871,"Lenovo","Notebook",15.6,"Full HD 1920x1080","Intel Core i3 6006U 2GHz",4,"1TB HDD","AMD Radeon R5 M430","No OS",2.2,25521.12,331.77456
"280",762,"Google","Ultrabook",12.3,"Touchscreen 2400x1600","Intel Core i5 7Y57 1.2GHz",8,"256GB SSD","Intel HD Graphics 615","Chrome OS",1.1,83063.52,1079.82576
"281",304,"Asus","Gaming",15.6,"Full HD 1920x1080","Intel Core i7 7700HQ 2.8GHz",8,"128GB SSD +  1TB HDD","Nvidia GeForce GTX 1050 Ti","Windows 10",2.5,67399.2,876.1896
"282",141,"Lenovo","Notebook",14,"IPS Panel Full HD 1920x1080","Intel Core i5 8250U 1.6GHz",8,"256GB SSD","AMD Radeon RX 550","Windows 10",1.75,59461.5456,773.0000928
"283",1170,"HP","Notebook",15.6,"Full HD 1920x1080","Intel Core i7 6500U 2.5GHz",8,"256GB SSD","Intel HD Graphics 520","Windows 10",1.96,36177.12,470.30256
"284",1269,"Asus","Notebook",15.6,"1366x768","Intel Core i7 6500U 2.5GHz",4,"500GB HDD","Nvidia GeForce 920M","Windows 10",2.2,38378.6496,498.9224448
"285",1226,"Dell","Ultrabook",13.3,"Quad HD+ / Touchscreen 3200x1800","Intel Core i7 7500U 2.7GHz",8,"256GB SSD","Intel HD Graphics 620","Windows 10",1.29,78694.56,1023.02928
"286",294,"Lenovo","Notebook",15.6,"Full HD 1920x1080","Intel Core i5 8250U 1.6GHz",8,"256GB SSD","Intel UHD Graphics 620","Windows 10",2.05,39373.92,511.86096
"287",52,"HP","Notebook",15.6,"Full HD 1920x1080","AMD A6-Series 9220 2.5GHz",4,"256GB SSD","AMD Radeon R4 Graphics","Windows 10",1.86,21231.5472,276.0101136
"288",148,"MSI","Gaming",17.3,"Full HD 1920x1080","Intel Core i7 7700HQ 2.8GHz",16,"256GB SSD +  1TB HDD","Nvidia GeForce GTX 1070","Windows 10",2.9,108105.12,1405.36656
"289",1051,"HP","Notebook",15.6,"IPS Panel Full HD 1920x1080","Intel Core i7 7500U 2.7GHz",8,"1TB HDD","Nvidia GeForce 940MX","Windows 10",1.91,52161.12,678.09456
"290",610,"Lenovo","Notebook",15.6,"IPS Panel 4K Ultra HD 3840x2160","Intel Xeon E3-1535M v6 3.1GHz",32,"1TB SSD","Nvidia Quadro M2200M","Windows 10",2.5,261018.72,3393.24336
"291",372,"Asus","Gaming",17.3,"IPS Panel Full HD 1920x1080","AMD Ryzen 1700 3GHz",16,"256GB SSD +  1TB HDD","AMD Radeon RX 580","Windows 10",3.25,117162.72,1523.11536
"292",622,"Dell","Notebook",15.6,"Full HD 1920x1080","Intel Core i5 8250U 1.6GHz",4,"1TB HDD","AMD Radeon 530","Windows 10",2.2,41345.28,537.48864
"293",285,"Acer","Notebook",15.6,"IPS Panel Full HD / Touchscreen 1920x1080","Intel Core i7 7500U 2.7GHz",12,"1TB HDD","Intel HD Graphics 620","Windows 10",2.15,35111.52,456.44976
"294",757,"HP","Workstation",15.6,"Full HD 1920x1080","Intel Core i7 6700HQ 2.6GHz",8,"256GB SSD","Nvidia Quadro M1000M","Windows 7",2.59,83170.08,1081.21104
"295",1068,"Dell","Gaming",15.6,"4K Ultra HD 3840x2160","Intel Core i7 6700HQ 2.6GHz",16,"256GB SSD +  1TB HDD","Nvidia GeForce GTX 970M","Windows 10",3.21,70809.12,920.51856
"296",919,"MSI","Gaming",15.6,"Full HD 1920x1080","Intel Core i5 7300HQ 2.5GHz",8,"128GB SSD +  1TB HDD","Nvidia GeForce GTX 1050","Windows 10",2.2,59668.8048,775.6944624
"297",943,"Toshiba","Notebook",15.6,"1366x768","Intel Core i5 6200U 2.3GHz",8,"256GB SSD","Intel HD Graphics 520","Windows 10",2.2,59620.32,775.06416
"298",686,"HP","Notebook",15.6,"1366x768","Intel Core i5 7200U 2.5GHz",4,"500GB HDD","AMD Radeon 520","Windows 10",1.86,32639.8608,424.3181904
"299",1113,"HP","Ultrabook",13.3,"Full HD 1920x1080","Intel Core i7 6500U 2.5GHz",8,"512GB SSD","Intel HD Graphics 520","Windows 10",1.16,104908.32,1363.80816
"300",520,"Lenovo","Gaming",15.6,"IPS Panel Full HD 1920x1080","Intel Core i7 7700HQ 2.8GHz",8,"256GB SSD +  1TB HDD","Nvidia GeForce GTX 1060","Windows 10",3.2,74538.72,969.00336
"301",238,"Asus","Gaming",17.3,"Full HD 1920x1080","Intel Core i7 7820HK 2.9GHz",32,"512GB SSD +  1TB HDD","Nvidia GeForce GTX 1080","Windows 10",4.7,207259.2,2694.3696
"302",1131,"Lenovo","2 in 1 Convertible",14,"IPS Panel Full HD / Touchscreen 1920x1080","Intel Core i7 6600U 2.6GHz",8,"512GB SSD","Nvidia Quadro M500M","Windows 7",1.8,109244.2464,1420.1752032
"303",607,"Lenovo","Notebook",15.6,"Full HD 1920x1080","Intel Core i5 7200U 2.5GHz",6,"1TB HDD","Intel HD Graphics 620","Windows 10",2.4,30049.92,390.64896
"304",888,"Acer","Netbook",11.6,"IPS Panel 1366x768","Intel Celeron Dual Core N3060 1.6GHz",4,"32GB Flash Storage","Intel HD Graphics 400","Chrome OS",1.25,15824.16,205.71408
"305",290,"Acer","Notebook",15.6,"1366x768","Intel Celeron Dual Core 3205U 1.5GHz",2,"16GB SSD","Intel HD Graphics","Chrome OS",2.19,10602.72,137.83536
"306",13,"Dell","Notebook",15.6,"Full HD 1920x1080","Intel Core i3 6006U 2GHz",4,"256GB SSD","AMD Radeon R5 M430","Windows 10",2.2,26581.392,345.558096
"307",957,"HP","2 in 1 Convertible",11.6,"Touchscreen 1366x768","Intel Pentium Quad Core N4200 1.1GHz",4,"256GB SSD","Intel HD Graphics 505","Windows 10",1.45,41292,536.796
"308",280,"Lenovo","Notebook",17.3,"1600x900","Intel Core i7 7500U 2.7GHz",6,"128GB SSD +  1TB HDD","Nvidia GeForce 940MX","Windows 10",2.8,45767.52,594.97776
"309",380,"HP","Gaming",17.3,"IPS Panel Full HD 1920x1080","Intel Core i7 7700HQ 2.8GHz",8,"128GB SSD +  1TB HDD","Nvidia GeForce GTX 1050","Windows 10",3.35,63456.48,824.93424
"310",1112,"Lenovo","Notebook",15.6,"1366x768","Intel Core i3 6006U 2.0GHz",4,"128GB SSD","Intel HD Graphics 520","Windows 10",2.1,22857.12,297.14256
"311",271,"Asus","Gaming",17.3,"Full HD 1920x1080","AMD Ryzen 1700 3GHz",16,"256GB SSD +  1TB HDD","AMD Radeon RX 580","Windows 10",3.2,82530.72,1072.89936
"312",208,"Dell","Ultrabook",13.3,"Full HD 1920x1080","Intel Core i7 8550U 1.8GHz",8,"256GB SSD","Intel UHD Graphics 620","Windows 10",1.2,77202.72,1003.63536
"313",399,"Lenovo","Ultrabook",14,"IPS Panel 2560x1440","Intel Core i7 7500U 2.7GHz",16,"1TB SSD","Intel HD Graphics 620","Windows 10",1.13,139860,1818.18
"314",564,"Asus","Notebook",15.6,"Full HD 1920x1080","Intel Core i5 7300HQ 2.5GHz",8,"128GB SSD +  1TB HDD","Nvidia GeForce GTX 1050","Windows 10",2.5,44701.92,581.12496
"315",460,"Acer","Notebook",15.6,"Full HD 1920x1080","Intel Core i3 6006U 2GHz",4,"1TB HDD","Nvidia GeForce 940MX","Windows 10",2.23,28984.32,376.79616
"316",92,"HP","Notebook",13.3,"Full HD 1920x1080","Intel Core i7 8550U 1.8GHz",16,"512GB SSD","Intel UHD Graphics 620","Windows 10",1.49,63776.16,829.09008
"317",1015,"Toshiba","Notebook",13.3,"1366x768","Intel Core i5 6200U 2.3GHz",8,"256GB SSD","Intel HD Graphics 520","Windows 10",1.5,64468.8,838.0944
"318",1195,"HP","Notebook",15.6,"IPS Panel Full HD 1920x1080","Intel Core i7 7700HQ 2.8GHz",12,"128GB SSD +  1TB HDD","Nvidia GeForce GTX 1050","Windows 10",2.21,70702.56,919.13328
"319",508,"HP","Ultrabook",13.3,"IPS Panel Full HD 1920x1080","Intel Core i7 7500U 2.7GHz",8,"512GB SSD","Intel HD Graphics 620","Windows 10",1.34,70489.44,916.36272
"320",657,"Dell","Notebook",15.6,"Full HD 1920x1080","Intel Core i7 8550U 1.8GHz",16,"256GB SSD +  2TB HDD","AMD Radeon 530","Windows 10",2.2,60472.8,786.1464
"321",972,"Dell","Gaming",17.3,"Full HD 1920x1080","Intel Core i7 6700HQ 2.6GHz",32,"256GB SSD +  1TB HDD","Nvidia GeForce GTX 1070","Windows 10",4.42,149184,1939.392
"322",220,"Dell","Notebook",15.6,"Full HD 1920x1080","Intel Core i5 8250U 1.6GHz",8,"256GB SSD","AMD Radeon 520","Linux",2.2,36089.208,469.159704
"323",650,"Asus","Gaming",17.3,"IPS Panel Full HD 1920x1080","Intel Core i7 6820HK 2.7GHz",32,"512GB SSD","Nvidia GeForce GTX 1080","Windows 10",3.8,149130.72,1938.69936
"324",1145,"HP","Workstation",15.6,"Full HD 1920x1080","Intel Core i7 6700HQ 2.6GHz",8,"256GB SSD","Nvidia Quadro M1000M","Windows 7",2,101178.72,1315.32336
"325",1256,"Asus","Gaming",17.3,"IPS Panel Full HD 1920x1080","Intel Core i7 6700HQ 2.6GHz",16,"128GB SSD +  1TB HDD","Nvidia GeForce GTX 970M","Windows 10",4,101232,1316.016
"326",421,"Chuwi","Notebook",12.3,"IPS Panel Retina Display 2736x1824","Intel Celeron Quad Core N3450 1.1GHz",6,"64GB Flash Storage","Intel HD Graphics 500","Windows 10",1.4,23922.72,310.99536
"327",39,"HP","Notebook",15.6,"Full HD 1920x1080","Intel Core i5 8250U 1.6GHz",8,"256GB SSD","Nvidia GeForce 930MX","Windows 10",2.1,46833.12,608.83056
"328",1223,"Dell","Ultrabook",12.5,"Full HD / Touchscreen 1920x1080","Intel Core i5 6300U 2.4GHz",8,"256GB SSD","Intel HD Graphics 520","Windows 7",1.26,91288.3536,1186.7485968
"329",384,"Asus","Ultrabook",13.3,"Full HD / Touchscreen 1920x1080","Intel Core i7 7500U 2.7GHz",16,"512GB SSD","Intel HD Graphics 620","Windows 10",1.1,93181.392,1211.358096
"330",69,"Asus","Gaming",17.3,"Full HD 1920x1080","Intel Core i7 7700HQ 2.8GHz",12,"1TB HDD","Nvidia GeForce GTX 1050 Ti","Linux",3,50562.72,657.31536
"331",378,"Asus","Notebook",14,"1366x768","Intel Celeron Dual Core N3350 1.1GHz",4,"32GB Flash Storage","Intel HD Graphics 500","Windows 10",1.5,15238.08,198.09504
"332",1041,"Vero","Notebook",14,"1366x768","Intel Atom X5-Z8350 1.44GHz",2,"32GB Flash Storage","Intel HD Graphics 400","Windows 10",1.45,11231.424,146.008512
"333",1075,"Lenovo","Notebook",17.3,"1600x900","Intel Core i5 6200U 2.3GHz",8,"1.0TB HDD","AMD Radeon R5 M330","Windows 10",3,35111.52,456.44976
"334",789,"Dell","Gaming",15.6,"Full HD 1920x1080","Intel Core i5 7300HQ 2.5GHz",8,"256GB SSD","Nvidia GeForce GTX 1050","Windows 10",2.62,52480.8,682.2504
"335",1287,"HP","Notebook",15.6,"1366x768","Intel Core i7 6500U 2.5GHz",6,"1TB HDD","AMD Radeon R5 M330","Windows 10",2.19,40705.92,529.17696
"336",784,"Lenovo","Ultrabook",14,"Full HD 1920x1080","Intel Core i7 7500U 2.7GHz",16,"512GB SSD","Intel HD Graphics 620","Windows 10",1.7,122490.72,1592.37936
"337",320,"HP","Notebook",14,"Full HD 1920x1080","Intel Core i7 7500U 2.7GHz",8,"256GB SSD","Intel HD Graphics 620","Windows 10",1.48,68837.76,894.89088
"338",816,"Razer","Ultrabook",12.5,"IPS Panel 4K Ultra HD / Touchscreen 3840x2160","Intel Core i7 7500U 2.5GHz",16,"512GB SSD","Intel HD Graphics 620","Windows 10",1.29,95850.72,1246.05936
"339",899,"Dell","Notebook",15.6,"Full HD 1920x1080","Intel Core i5 7300U 2.6GHz",8,"500GB HDD","Intel HD Graphics 620","Windows 10",1.9,49816.8,647.6184
"340",659,"Dell","Gaming",17.3,"IPS Panel 4K Ultra HD 3840x2160","Intel Core i7 7700HQ 2.8GHz",32,"512GB SSD +  1TB HDD","Nvidia GeForce GTX 1070","Windows 10",4.42,167691.8736,2179.9943568
"341",824,"Lenovo","Ultrabook",14,"IPS Panel Full HD 1920x1080","Intel Core i5 7200U 2.5GHz",8,"256GB Flash Storage","Intel HD Graphics 620","Windows 10",1.13,99900,1298.7
"342",965,"Dell","Notebook",15.6,"1366x768","Intel Core i3 6006U 2.0GHz",4,"1TB HDD","AMD Radeon R5 M430","Linux",2.25,24808.2336,322.5070368
"343",969,"Lenovo","Notebook",15.6,"Full HD 1920x1080","Intel Core i5 7200U 2.5GHz",6,"256GB SSD","Nvidia GeForce 920MX","Windows 10",2.4,37029.6,481.3848
"344",78,"Acer","Notebook",15.6,"Full HD 1920x1080","Intel Core i3 7130U 2.7GHz",4,"1TB HDD","Nvidia GeForce MX130","Windows 10",2.2,28238.4,367.0992
"345",667,"HP","Notebook",15.6,"Full HD 1920x1080","Intel Core i7 7500U 2.7GHz",8,"1TB HDD","AMD Radeon 530","Windows 10",2.1,39693.6,516.0168
"346",516,"HP","Notebook",15.6,"Touchscreen 1366x768","Intel Core i5 8250U 1.6GHz",4,"1TB HDD","Intel UHD Graphics 620","Windows 10",2.04,27783.9216,361.1909808
"347",1164,"HP","Notebook",15.6,"1366x768","Intel Core i5 6200U 2.3GHz",4,"500GB HDD","Intel HD Graphics 520","No OS",2.1,25414.0272,330.3823536
"348",986,"HP","Notebook",15.6,"Full HD 1920x1080","Intel Core i5 7200U 2.5GHz",8,"1TB HDD","Intel HD Graphics 620","Windows 10",2.04,42943.68,558.26784
"349",376,"Lenovo","Netbook",11.6,"IPS Panel 1366x768","Intel Celeron Quad Core N3450 1.1GHz",4,"128GB SSD","Intel HD Graphics 500","Windows 10",1.59,29463.84,383.02992
"350",547,"Lenovo","Notebook",15.6,"Full HD 1920x1080","Intel Core i5 6200U 2.3GHz",4,"1TB HDD","Intel HD Graphics 520","No OS",2.15,24634.008,320.242104
"351",618,"MSI","Gaming",15.6,"Full HD 1920x1080","Intel Core i7 7700HQ 2.8GHz",16,"256GB SSD +  1TB HDD","Nvidia GeForce GTX 1070","Windows 10",2.94,120831.5808,1570.8105504
"352",760,"Lenovo","Gaming",15.6,"IPS Panel Full HD 1920x1080","Intel Core i7 7700HQ 2.8GHz",8,"128GB SSD +  1TB HDD","Nvidia GeForce GTX 1050","Windows 10",2.5,55837.44,725.88672
"353",130,"Dell","Notebook",15.6,"1366x768","Intel Core i5 7200U 2.5GHz",8,"1TB HDD","AMD Radeon R7 M445","Windows 10",2.36,34045.3872,442.5900336
"354",489,"Asus","Ultrabook",12.5,"Full HD 1920x1080","Intel Core i7 7500U 2.7GHz",16,"512GB SSD","Intel HD Graphics 620","Windows 10",0.91,103896,1350.648
"355",684,"Lenovo","2 in 1 Convertible",13.3,"IPS Panel Full HD / Touchscreen 1920x1080","Intel Core i7 8550U 1.8GHz",8,"512GB SSD","Intel UHD Graphics 620","Windows 10",1.19,79866.72,1038.26736
"356",1207,"Lenovo","Notebook",15.6,"1366x768","AMD E-Series 9000 2.2GHz",4,"500GB HDD","AMD Radeon R2 Graphics","Windows 10",2.2,15930.72,207.09936
"357",1248,"Lenovo","Notebook",15.6,"IPS Panel Full HD 1920x1080","Intel Core i5 7200U 2.5GHz",8,"256GB SSD","Intel HD Graphics 620","No OS",2.3,30529.44,396.88272
"358",1008,"HP","Notebook",14,"Full HD 1920x1080","Intel Core i5 7200U 2.5GHz",8,"256GB SSD","Nvidia GeForce 930MX","Windows 10",1.64,55904.5728,726.7594464
"359",46,"Lenovo","Notebook",15.6,"1366x768","Intel Core i3 6006U 2GHz",4,"128GB SSD","Intel HD Graphics 520","No OS",2.2,19660.32,255.58416
"360",415,"Dell","Notebook",15.6,"Full HD 1920x1080","Intel Core i5 7200U 2.5GHz",4,"256GB SSD","AMD Radeon R5 M430","Linux",2.3,31909.392,414.822096
"361",70,"Microsoft","Ultrabook",13.5,"Touchscreen 2256x1504","Intel Core i5 7200U 2.5GHz",4,"128GB SSD","Intel HD Graphics 620","Windows 10 S",1.252,58021.92,754.28496
"362",184,"Xiaomi","Notebook",15.6,"IPS Panel Full HD 1920x1080","Intel Core i5 8250U 1.6GHz",8,"256GB SSD","Nvidia GeForce MX150","No OS",1.95,63882.72,830.47536
"363",890,"HP","Notebook",14,"Full HD 1920x1080","Intel Core i5 7200U 2.5GHz",4,"128GB SSD","Intel HD Graphics 620","Windows 10",1.95,67399.2,876.1896
"364",1118,"Toshiba","Ultrabook",13.3,"Full HD 1920x1080","Intel Core i7 7500U 2.7GHz",16,"512GB SSD","Intel HD Graphics 620","Windows 10",1.05,118601.28,1541.81664
"365",568,"Lenovo","Notebook",15.6,"Full HD 1920x1080","Intel Pentium Quad Core N4200 1.1GHz",4,"500GB HDD","Intel HD Graphics 505","Windows 10",2.2,18328.32,238.26816
"366",839,"Asus","Notebook",15.6,"Full HD 1920x1080","Intel Core i5 7200U 2.5GHz",8,"128GB HDD","Intel HD Graphics 620","Windows 10",2.3,31435.2,408.6576
"367",831,"Lenovo","Ultrabook",14,"IPS Panel Quad HD+ 2560x1440","Intel Core i7 6600U 2.6GHz",16,"512GB SSD","Intel HD Graphics 520","Windows 10",1.1,111834.72,1453.85136
"368",1138,"MSI","Gaming",17.3,"Full HD 1920x1080","Intel Core i7 6820HQ 2.7GHz",16,"256GB SSD +  1TB HDD","Nvidia GeForce GTX 980M","Windows 10",3.78,127818.72,1661.64336
"369",1225,"Asus","Notebook",15.6,"1366x768","Intel Pentium Quad Core N3710 1.6GHz",4,"1TB HDD","Intel HD Graphics 405","Windows 10",2.65,16463.52,214.02576
"370",614,"Dell","Notebook",15.6,"1366x768","Intel Core i5 7300U 2.6GHz",4,"500GB HDD","Intel HD Graphics 620","Linux",1.93,46300.32,601.90416
"371",346,"HP","Notebook",14,"1366x768","Intel Celeron Dual Core N3060 1.6GHz",2,"32GB Flash Storage","Intel HD Graphics 400","Windows 10",1.44,14865.12,193.24656
"372",411,"Lenovo","Ultrabook",14,"IPS Panel Full HD 2560x1440","Intel Core i7 7700HQ 2.8GHz",8,"512GB SSD","Nvidia GeForce GT 940MX","Windows 10",1.7,103523.04,1345.79952
"373",1233,"MSI","Gaming",17.3,"Full HD 1920x1080","Intel Core i7 7700HQ 2.8GHz",16,"256GB SSD +  1TB HDD","Nvidia GeForce GTX 1060","Windows 10",2.7,85141.44,1106.83872
"374",910,"Dell","Notebook",14,"Full HD 1920x1080","Intel Core i5 7440HQ 2.8GHz",8,"256GB SSD","Intel HD Graphics 620","Windows 10",1.6,64202.4,834.6312
"375",210,"Acer","Notebook",15.6,"Full HD 1920x1080","Intel Core i7 7700HQ 2.8GHz",8,"1TB HDD","Nvidia GeForce GTX 1050","Linux",2.4,41505.12,539.56656
"376",1123,"Dell","Notebook",15.6,"1366x768","Intel Core i5 6200U 2.3GHz",4,"500GB HDD","Intel HD Graphics 520","Linux",2.09,27899.0064,362.6870832
"377",173,"Toshiba","Notebook",15.6,"1366x768","Intel Core i3 7100U 2.4GHz",4,"500GB HDD","Intel HD Graphics 620","Windows 10",2,26053.92,338.70096
"378",759,"Acer","Notebook",15.6,"1366x768","Intel Core i5 7200U 2.5GHz",4,"256GB SSD","Intel HD Graphics 620","Windows 10",2.1,31914.72,414.89136
"379",145,"Asus","Ultrabook",14,"Full HD 1920x1080","Intel Core i7 8550U 1.8GHz",8,"256GB SSD","Intel UHD Graphics 620","Windows 10",1.25,58554.72,761.21136
"380",427,"Dell","Ultrabook",14,"Full HD 1920x1080","Intel Core i7 7600U 2.8GHz",8,"256GB SSD","Intel HD Graphics 620","Linux",1.6,58554.72,761.21136
"381",1095,"Acer","Notebook",15.6,"Full HD 1920x1080","Intel Core i5 7200U 2.5GHz",8,"256GB SSD +  1TB HDD","Nvidia GeForce GTX 950M","Windows 10",2.4,42570.72,553.41936
"382",826,"Asus","2 in 1 Convertible",13.3,"Touchscreen / Full HD 1920x1080","Intel Core i5 7200U 2.5GHz",8,"256GB SSD","Intel HD Graphics 620","Windows 10",1.1,72354.24,940.60512
"383",310,"Lenovo","Notebook",13.3,"IPS Panel Full HD 1920x1080","Intel Core i5 7200U 2.5GHz",8,"256GB SSD","Intel HD Graphics 620","Windows 10",1.1,53226.72,691.94736
"384",1097,"MSI","Gaming",17.3,"Full HD 1920x1080","Intel Core i7 6700HQ 2.6GHz",8,"256GB SSD","Nvidia GeForce GTX 965M","Windows 10",2.6,85194.72,1107.53136
"385",825,"Toshiba","Notebook",14,"1366x768","Intel Pentium Dual Core 4405U 2.1GHz",4,"128GB SSD","Intel HD Graphics 510","Windows 10",1.75,26586.72,345.62736
"386",917,"MSI","Gaming",17.3,"Full HD 1920x1080","Intel Core i7 7700HQ 2.8GHz",16,"256GB SSD +  1TB HDD","Nvidia GeForce GTX 1050 Ti","Windows 10",2.7,85194.72,1107.53136
"387",637,"Lenovo","Notebook",14,"1366x768","Intel Celeron Dual Core N3060 1.6GHz",2,"32GB Flash Storage","Intel HD Graphics 400","Windows 10",1.42,13266.72,172.46736
"388",881,"HP","2 in 1 Convertible",15.6,"Touchscreen 1366x768","Intel Core i5 7200U 2.5GHz",4,"500GB HDD","Intel HD Graphics 620","Windows 10",2.3,36486.144,474.319872
"389",665,"Toshiba","Notebook",15.6,"1366x768","Intel Core i3 6100U 2.1GHz",4,"128GB SSD","Intel HD Graphics 520","Windows 10",2.1,26533.44,344.93472
"390",681,"Asus","Notebook",15.6,"1366x768","Intel Celeron Dual Core N3350 1.1GHz",4,"128GB SSD","Intel HD Graphics 500","Windows 10",1.86,22324.32,290.21616
"391",450,"HP","Notebook",15.6,"1366x768","Intel Core i5 7200U 2.5GHz",8,"128GB SSD","Intel HD Graphics 620","Windows 10",1.91,31381.92,407.96496
"392",273,"Lenovo","2 in 1 Convertible",14,"Touchscreen 2560x1440","Intel Core i7 6600U 2.6GHz",16,"512GB SSD","Intel HD Graphics 520","Windows 10",1.36,133146.72,1730.90736
"393",354,"Toshiba","Notebook",15.6,"IPS Panel Full HD 1920x1080","Intel Core i7 6500U 2.5GHz",16,"512GB SSD","Nvidia GeForce 930M","Windows 10",2.4,74751.84,971.77392
"394",799,"Dell","Notebook",15.6,"Full HD 1920x1080","Intel Core i3 6006U 2GHz",8,"256GB SSD","AMD Radeon R5 M420X","Windows 10",2,39373.92,511.86096
"395",1055,"HP","Notebook",15.6,"1366x768","Intel Core i3 6100U 2.3GHz",4,"500GB HDD","Intel HD Graphics 520","Windows 10",2.31,37570.392,488.415096
"396",276,"Dell","Notebook",17.3,"Full HD 1920x1080","Intel Core i7 8550U 1.8GHz",8,"128GB SSD +  1TB HDD","AMD Radeon 530","Linux",2.8,58554.72,761.21136
"397",350,"Dell","Notebook",15.6,"4K Ultra HD / Touchscreen 3840x2160","Intel Core i7 7700HQ 2.8GHz",16,"512GB SSD","Nvidia GeForce GTX 1050","Windows 10",2.06,108020.9376,1404.2721888
"398",1091,"HP","Notebook",15.6,"1366x768","Intel Core i3 6006U 2GHz",4,"1TB HDD","Intel HD Graphics 520","No OS",1.86,18434.3472,239.6465136
"399",296,"Acer","Notebook",15.6,"Full HD 1920x1080","Intel Core i7 7700HQ 2.8GHz",8,"256GB SSD","Nvidia GeForce GTX 1050 Ti","Linux",2.5,52161.12,678.09456
"400",673,"Lenovo","Notebook",15.6,"1366x768","AMD E-Series E2-9000 2.2GHz",4,"128GB SSD","AMD Radeon R2 Graphics","Windows 10",2.2,18594.72,241.73136
"401",1054,"Dell","Ultrabook",13.3,"Quad HD+ / Touchscreen 3200x1800","Intel Core i7 7500U 2.7GHz",16,"1TB SSD","Intel HD Graphics 620","Windows 10",1.2,120093.12,1561.21056
"402",627,"Lenovo","Notebook",15.6,"Full HD 1920x1080","Intel Core i5 7200U 2.5GHz",4,"128GB SSD","Intel HD Graphics 620","No OS",2.2,24935.04,324.15552
"403",181,"Dell","Ultrabook",13.3,"Full HD 1920x1080","Intel Core i5 8250U 1.6GHz",8,"256GB SSD","Intel UHD Graphics 620","Windows 10",1.23,74538.72,969.00336
"404",988,"Dell","Notebook",15.6,"1366x768","Intel Core i7 7500U 2.7GHz",8,"1TB HDD","AMD Radeon R7 M445","Windows 10",2.36,39906.72,518.78736
"405",99,"HP","Gaming",15.6,"IPS Panel Full HD 1920x1080","Intel Core i7 7700HQ 2.8GHz",12,"128GB SSD +  1TB HDD","Nvidia GeForce GTX 1050","Windows 10",2.62,66546.72,865.10736
"406",355,"Dell","Notebook",15.6,"Full HD 1920x1080","Intel Core i7 8550U 1.8GHz",8,"128GB SSD +  2TB HDD","AMD Radeon 530","Windows 10",2.02,51729.552,672.484176
"407",286,"Lenovo","Notebook",15.6,"IPS Panel Full HD 1920x1080","Intel Core i7 7500U 2.7GHz",8,"256GB SSD","Intel HD Graphics 630","Windows 10",1.95,58448.16,759.82608
"408",922,"HP","Ultrabook",13.3,"Quad HD+ / Touchscreen 3200x1800","Intel Core i7 7500U 2.7GHz",8,"256GB SSD","Intel HD Graphics 620","Windows 10",1.39,61218.72,795.84336
"409",1096,"Dell","Notebook",15.6,"Full HD 1920x1080","Intel Core i5 7200U 2.5GHz",8,"1TB HDD","AMD Radeon R7 M445","Windows 10",2.36,34035.264,442.458432
"410",1230,"Lenovo","Netbook",12.5,"IPS Panel Full HD / Touchscreen 1920x1080","Intel Core i7 6500U 2.50GHz",16,"512GB SSD","Intel HD Graphics 520","Windows 10",1.3,87912,1142.856
"411",794,"Apple","Ultrabook",12,"IPS Panel Retina Display 2304x1440","Intel Core M 1.2GHz",8,"512GB Flash Storage","Intel HD Graphics 5300","Mac OS X",0.92,62071.2,806.9256
"412",428,"HP","Gaming",17.3,"Full HD 1920x1080","Intel Core i7 7700HQ 2.8GHz",12,"256GB SSD +  1TB HDD","Nvidia GeForce GTX 1070","Windows 10",3.35,106506.72,1384.58736
"413",138,"Lenovo","Notebook",15.6,"Full HD 1920x1080","Intel Core i5 7200U 2.5GHz",4,"1TB HDD","Nvidia GeForce 920MX","No OS",2.2,26586.72,345.62736
"414",459,"HP","Notebook",17.3,"1600x900","Intel Core i3 6006U 2GHz",8,"256GB SSD","Intel HD Graphics 520","Windows 10",2.5,34093.872,443.220336
"415",954,"Lenovo","Ultrabook",14,"IPS Panel Full HD 1920x1080","Intel Core i7 6600U 2.6GHz",8,"256GB SSD","Intel HD Graphics 520","Windows 10",1.7,79333.3872,1031.3340336
"416",1182,"Dell","Notebook",15.6,"Full HD 1920x1080","Intel Core i7 7500U 2.7GHz",8,"256GB SSD","Nvidia GeForce GT 940MX","Linux",1.98,47686.1328,619.9197264
"417",1085,"HP","Notebook",14,"Full HD 1920x1080","Intel Core i5 6200U 2.3GHz",4,"500GB HDD","Intel HD Graphics 520","Windows 7",1.54,54931.1472,714.1049136
"418",122,"Lenovo","Notebook",15.6,"Full HD 1920x1080","Intel Core i5 7200U 2.5GHz",8,"256GB SSD","Nvidia GeForce 940MX","No OS",2.2,33513.12,435.67056
"419",543,"Acer","Gaming",15.6,"Full HD 1920x1080","Intel Core i5 7300HQ 2.5GHz",8,"1TB HDD","Nvidia GeForce GTX 1050","Linux",2.4,42517.44,552.72672
"420",359,"Dell","Notebook",14,"Full HD 1920x1080","Intel Core i5 7300U 2.6GHz",8,"256GB SSD","Intel HD Graphics 620","Windows 10",1.36,76030.56,988.39728
"421",875,"Dell","Ultrabook",12.5,"Full HD 1920x1080","Intel Core i7 7600U 2.8GHz",8,"256GB SSD","Intel HD Graphics 620","Windows 10",1.6,90043.2,1170.5616
"422",984,"Toshiba","Notebook",14,"1366x768","Intel Core i5 6200U 2.3GHz",4,"500GB HDD","Intel HD Graphics 520","Windows 10",1.75,48751.2,633.7656
"423",196,"Razer","Gaming",17.3,"4K Ultra HD / Touchscreen 3840x2160","Intel Core i7 7820HK 2.9GHz",32,"1TB SSD","Nvidia GeForce GTX 1080","Windows 10",3.49,324954.72,4224.41136
"424",166,"Acer","Notebook",15.6,"1366x768","Intel Pentium Quad Core N4200 1.1GHz",4,"1TB HDD","Intel HD Graphics 505","Windows 10",2.1,19367.8128,251.7815664
"425",83,"Lenovo","Notebook",15.6,"Full HD 1920x1080","AMD A6-Series 9220 2.5GHz",4,"128GB SSD","AMD R4 Graphics","Windows 10",2.2,21258.72,276.36336
"426",458,"Microsoft","Ultrabook",13.5,"Touchscreen 2256x1504","Intel Core i7 7660U 2.5GHz",8,"256GB SSD","Intel Iris Plus Graphics 640","Windows 10 S",1.25,95850.72,1246.05936
"427",527,"Lenovo","Notebook",15.6,"1366x768","Intel Core i3 6006U 2GHz",8,"2TB HDD","Nvidia GeForce 920MX","No OS",2.2,24455.52,317.92176
"428",645,"Lenovo","Notebook",14,"1366x768","Intel Celeron Dual Core N3060 1.6GHz",4,"32GB Flash Storage","Intel HD Graphics","Windows 10",1.43,14598.72,189.78336
"429",121,"MSI","Gaming",15.6,"Full HD 1920x1080","Intel Core i7 7700HQ 2.8GHz",16,"256GB SSD +  2TB HDD","Nvidia GeForce GTX 1070","Windows 10",1.8,119427.12,1552.55256
"430",1255,"Asus","Notebook",15.6,"1366x768","Intel Celeron Dual Core N3350 1.1GHz",4,"1TB HDD","Intel HD Graphics 500","Windows 10",2,18061.92,234.80496
"431",405,"Asus","Ultrabook",14,"Full HD 1920x1080","Intel Core i7 7500U 2.7GHz",8,"512GB SSD","Intel HD Graphics 620","Windows 10",1.1,99793.44,1297.31472
"432",248,"HP","Notebook",13.3,"IPS Panel Full HD 1920x1080","Intel Core i5 8250U 1.6GHz",4,"500GB HDD","Intel UHD Graphics 620","Windows 10",1.49,35964,467.532
"433",885,"HP","2 in 1 Convertible",13.3,"Full HD / Touchscreen 1920x1080","Intel Core i5 7200U 2.5GHz",4,"256GB SSD","Intel HD Graphics 620","Windows 10",1.28,95850.72,1246.05936
"434",1229,"MSI","Gaming",15.6,"Full HD 1920x1080","Intel Core i7 7700HQ 2.8GHz",8,"128GB SSD +  1TB HDD","Nvidia GeForce GTX 1050","Windows 10",2.2,61218.72,795.84336
"435",561,"Lenovo","Notebook",15.6,"Full HD 1920x1080","Intel Core i3 7130U 2.7GHz",4,"128GB SSD","Intel HD Graphics 620","Windows 10",2.05,33566.4,436.3632
"436",301,"Asus","Gaming",17.3,"Full HD 1920x1080","Intel Core i7 7700HQ 2.8GHz",16,"256GB SSD +  1TB HDD","Nvidia GeForce GTX 1070","Windows 10",2.9,113060.16,1469.78208
"437",552,"Dell","Gaming",17.3,"IPS Panel Full HD 1920x1080","Intel Core i7 7700HQ 2.8GHz",16,"256GB SSD +  1TB HDD","Nvidia GeForce GTX 1070","Windows 10",4.42,143802.72,1869.43536
"438",57,"Asus","Notebook",15.6,"1366x768","Intel Core i5 7200U 2.5GHz",4,"256GB SSD","Intel HD Graphics 620","Windows 10",2,31232.2032,406.0186416
"439",247,"Asus","Gaming",17.3,"Full HD 1920x1080","Intel Core i7 7820HK 2.9GHz",16,"256GB SSD","Nvidia GeForce GTX 1080","Windows 10",3.6,159786.72,2077.22736
"440",215,"Dell","Ultrabook",13.3,"IPS Panel Full HD 1920x1080","Intel Core i7 8550U 1.8GHz",8,"256GB SSD","AMD Radeon 530","Windows 10",1.4,49650.5664,645.4573632
"441",50,"Lenovo","2 in 1 Convertible",10.1,"IPS Panel Touchscreen 1920x1200","Intel Atom x5-Z8550 1.44GHz",4,"64GB Flash Storage","Intel HD Graphics 400","Android",0.69,16996.32,220.95216
"442",368,"Dell","Notebook",15.6,"Full HD 1920x1080","Intel Core i7 7500U 2.7GHz",8,"256GB SSD","AMD Radeon R7 M445","Windows 10",2.33,47898.72,622.68336
"443",1244,"HP","Notebook",14,"Full HD 1920x1080","Intel Core i5 6200U 2.3GHz",4,"256GB SSD","Intel HD Graphics 520","Windows 7",1.54,58607.4672,761.8970736
"444",644,"Acer","Notebook",15.6,"1366x768","Intel Core i3 6006U 2GHz",4,"500GB HDD","Intel HD Graphics 520","Windows 10",2.4,23976,311.688
"445",312,"MSI","Gaming",15.6,"IPS Panel Full HD 1920x1080","Intel Core i7 7700HQ 2.8GHz",16,"256GB SSD +  1TB HDD","Nvidia GeForce GTX 1070","Windows 10",2.8,111834.72,1453.85136
"446",207,"Dell","Ultrabook",13.3,"IPS Panel 4K Ultra HD / Touchscreen 3840x2160","Intel Core i7 8550U 1.8GHz",8,"256GB SSD","Intel UHD Graphics 620","Windows 10",1.21,103842.72,1349.95536
"447",802,"Dell","Ultrabook",13.3,"Full HD 1920x1080","Intel Core i5 7200U 2.5GHz",8,"256GB SSD","Intel HD Graphics 620","Windows 10",1.29,79866.72,1038.26736
"448",29,"HP","Notebook",17.3,"Full HD 1920x1080","Intel Core i5 8250U 1.6GHz",8,"1TB HDD","Nvidia GeForce 930MX","Windows 10",2.5,47738.88,620.60544
"449",206,"Dell","Notebook",15.6,"Touchscreen 1366x768","Intel Core i3 7100U 2.4GHz",6,"1TB HDD","Intel HD Graphics 620","Windows 10",2.3,23389.92,304.06896
"450",352,"MSI","Gaming",17.3,"Full HD 1920x1080","Intel Core i7 7700HQ 2.8GHz",8,"128GB SSD +  1TB HDD","Nvidia GeForce GTX 1060","Windows 10",2.7,75071.52,975.92976
"451",585,"MSI","Gaming",17.3,"Full HD 1920x1080","Intel Core i7 6820HK 2.7GHz",16,"128GB SSD +  1TB HDD","Nvidia GeForce GTX 980M","Windows 10",4.5,125154.72,1627.01136
"452",472,"Google","Ultrabook",12.3,"Touchscreen 2400x1600","Intel Core i5 7Y57 1.2GHz",8,"128GB SSD","Intel HD Graphics 615","Chrome OS",1.1,67932,883.116
"453",1176,"Lenovo","Notebook",15.6,"Full HD 1920x1080","Intel Core i7 6500U 2.5GHz",4,"1.0TB Hybrid","Intel HD Graphics 520","Windows 7",2.32,43956,571.428
"454",1149,"Lenovo","2 in 1 Convertible",14,"IPS Panel Touchscreen 2560x1440","Intel Core i7 6500U 2.5GHz",8,"256GB SSD","Intel HD Graphics 520","Windows 10",1.27,124621.92,1620.08496
"455",1098,"HP","Notebook",15.6,"1366x768","Intel Pentium Quad Core N3710 1.6GHz",4,"1TB HDD","Intel HD Graphics 405","Windows 10",1.96,26640,346.32
"456",440,"Lenovo","Notebook",17.3,"1600x900","AMD A6-Series 9220 2.5GHz",8,"1TB HDD","AMD Radeon R4","Windows 10",2.8,27652.32,359.48016
"457",605,"MSI","Gaming",15.6,"4K Ultra HD 3840x2160","Intel Core i7 7700HQ 2.8GHz",16,"256GB SSD +  2TB HDD","Nvidia GeForce GTX 1060","Windows 10",1.8,122490.72,1592.37936
"458",469,"Lenovo","Ultrabook",14,"IPS Panel Quad HD+ 2560x1440","Intel Core i7 6600U 2.6GHz",12,"256GB SSD","Intel HD Graphics 520","Windows 10",1.4,98994.24,1286.92512
"459",143,"Toshiba","Notebook",15.6,"1366x768","Intel Core i5 6200U 2.3GHz",4,"500GB HDD","Intel HD Graphics 520","Windows 10",2.1,32074.56,416.96928
"460",925,"Dell","Notebook",15.6,"1366x768","Intel Core i5 6200U 2.3GHz",4,"500GB HDD","Intel HD Graphics 520","Windows 10",1.95,38889.072,505.557936
"461",567,"Fujitsu","Notebook",15.6,"1366x768","Intel Core i5 7200U 2.5GHz",8,"1TB HDD","Intel HD Graphics 620","Windows 10",2.2,39373.92,511.86096
"462",430,"Samsung","Netbook",11.6,"1366x768","Intel Celeron Dual Core N3060 1.6GHz",4,"16GB Flash Storage","Intel HD Graphics 400","Chrome OS",1.15,14332.32,186.32016
"463",1171,"HP","Notebook",15.6,"Full HD 1920x1080","Intel Core i7 8550U 1.8GHz",16,"512GB SSD","Intel UHD Graphics 620","Windows 10",2.1,61751.52,802.76976
"464",236,"Acer","Notebook",15.6,"1366x768","Intel Core i3 6006U 2GHz",4,"1TB HDD","Intel HD Graphics 520","Linux",2.1,20779.2,270.1296
"465",1047,"MSI","Gaming",17.3,"IPS Panel Full HD 1920x1080","Intel Core i7 6820HK 2.7GHz",16,"256GB SSD +  1TB HDD","Nvidia GeForce GTX 980M","Windows 10",3.78,82351.6992,1070.5720896
"466",766,"Asus","Notebook",17.3,"1366x768","Intel Pentium Quad Core N4200 1.1GHz",4,"1TB HDD","Nvidia GeForce 920MX","Windows 10",2.8,25059.7152,325.7762976
"467",274,"Toshiba","Notebook",15.6,"1366x768","Intel Core i7 6500U 2.5GHz",8,"500GB HDD","Nvidia GeForce 930M","Windows 10",2.2,43263.36,562.42368
"468",21,"Lenovo","Gaming",15.6,"IPS Panel Full HD 1920x1080","Intel Core i5 7300HQ 2.5GHz",8,"128GB SSD +  1TB HDD","Nvidia GeForce GTX 1050","Windows 10",2.5,53226.72,691.94736
"469",956,"Dell","2 in 1 Convertible",13.3,"Full HD / Touchscreen 1920x1080","Intel Core i5 7Y54 1.2GHz",8,"256GB SSD","Intel HD Graphics 615","Windows 10",1.24,101178.72,1315.32336
"470",533,"Mediacom","Notebook",13.3,"IPS Panel Full HD 1920x1080","Intel Celeron Quad Core N3450 1.1GHz",4,"32GB SSD","Intel HD Graphics 500","Windows 10",1.2,19660.32,255.58416
"471",1174,"Lenovo","Notebook",15.6,"Full HD 1920x1080","Intel Core i7 7500U 2.7GHz",8,"1TB HDD","Nvidia GeForce 940MX","No OS",2.2,37775.52,491.08176
"472",763,"Asus","Ultrabook",13.3,"IPS Panel Quad HD+ 3200x1800","Intel Core i5 7200U 2.5GHz",8,"256GB SSD","Intel HD Graphics 620","Windows 10",1.2,60153.12,781.99056
"473",162,"Dell","Notebook",15.6,"Full HD 1920x1080","Intel Core i5 8250U 1.6GHz",8,"256GB SSD","AMD Radeon 520","Windows 10",2.13,38787.84,504.24192
"474",829,"Acer","Notebook",14,"IPS Panel Full HD 1920x1080","Intel Core i3 7100U 2.4GHz",8,"128GB SSD","Intel HD Graphics 620","Windows 10",1.5,32980.32,428.74416
"475",862,"Toshiba","Notebook",13.3,"Full HD 1920x1080","Intel Core i5 7200U 2.5GHz",4,"128GB SSD","Intel HD Graphics 620","Windows 10",1.05,68464.8,890.0424
"476",858,"Dell","Notebook",13.3,"Full HD / Touchscreen 1920x1080","Intel Core i5 6200U 2.3GHz",8,"1TB HDD","Intel HD Graphics 520","Windows 10",1.62,34578.72,449.52336
"477",1039,"HP","Notebook",14,"Full HD 1920x1080","Intel Core i5 7200U 2.5GHz",8,"256GB SSD","Intel HD Graphics 620","Windows 10",1.64,53839.9728,699.9196464
"478",111,"Dell","Ultrabook",13.3,"Quad HD+ / Touchscreen 3200x1800","Intel Core i7 7560U 2.4GHz",8,"256GB SSD","Intel Iris Plus Graphics 640","Windows 10",1.23,73473.12,955.15056
"479",118,"Asus","Notebook",17.3,"Full HD 1920x1080","Intel Core i3 6006U 2GHz",4,"1TB HDD","Nvidia GeForce 920MX","Windows 10",2,30049.92,390.64896
"480",47,"Asus","Gaming",17.3,"Full HD 1920x1080","AMD Ryzen 1700 3GHz",8,"256GB SSD +  1TB HDD","AMD Radeon RX 580","Windows 10",3.2,69210.72,899.73936
"481",221,"Lenovo","2 in 1 Convertible",14,"IPS Panel Full HD 1920x1080","Intel Core i5 8250U 1.6GHz",8,"256GB SSD","Intel UHD Graphics 620","Windows 10",1.74,47898.72,622.68336
"482",468,"HP","Gaming",17.3,"IPS Panel Full HD 1920x1080","Intel Core i7 7700HQ 2.8GHz",12,"1TB HDD","Nvidia GeForce GTX 1060","Windows 10",3.78,90522.72,1176.79536
"483",467,"Dell","Notebook",15.6,"Full HD 1920x1080","Intel Core i5 8250U 1.6GHz",8,"2TB HDD","AMD Radeon 530","Windows 10",2.02,40439.52,525.71376
"484",303,"Lenovo","Notebook",15.6,"1366x768","Intel Core i5 7200U 2.5GHz",8,"2TB HDD","Nvidia GeForce 940MX","No OS",2.2,29250.72,380.25936
"485",955,"Dell","Gaming",17.3,"IPS Panel 4K Ultra HD 3840x2160","Intel Core i7 7700HQ 2.8GHz",16,"512GB SSD +  1TB HDD","Nvidia GeForce GTX 1070","Windows 10",4.36,168045.12,2184.58656
"486",163,"Lenovo","Gaming",15.6,"IPS Panel Full HD 1920x1080","Intel Core i7 7700HQ 2.8GHz",16,"256GB SSD","Nvidia GeForce GTX 1050 Ti","Windows 10",2.5,57489.12,747.35856
"487",511,"Acer","Notebook",15.6,"Full HD 1920x1080","Intel Core i7 7500U 2.7GHz",4,"500GB HDD","Nvidia GeForce 940MX","Windows 10",2.2,34045.92,442.59696
"488",642,"Lenovo","Ultrabook",14,"IPS Panel Full HD 1920x1080","Intel Core i7 7500U 2.7GHz",16,"512GB SSD","Intel HD Graphics 620","Windows 10",1.14,130536,1696.968
"489",866,"Toshiba","Ultrabook",13.3,"1366x768","Intel Core i5 6200U 2.3GHz",8,"256GB SSD","Intel HD Graphics 520","Windows 10",1.2,58341.6,758.4408
"490",562,"HP","Ultrabook",13.3,"IPS Panel Quad HD+ / Touchscreen 3200x1800","Intel Core M 6Y75 1.2GHz",16,"512GB SSD","Intel HD Graphics 515","Windows 10",1.16,104695.2,1361.0376
"491",822,"Lenovo","Ultrabook",14,"IPS Panel Full HD 1920x1080","Intel Core i7 7500U 2.7GHz",8,"512GB SSD","Intel HD Graphics 620","Windows 10",1.13,133146.72,1730.90736
"492",155,"HP","Notebook",15.6,"Full HD 1920x1080","Intel Core i5 8250U 1.6GHz",6,"256GB SSD","AMD Radeon 520","Windows 10",1.91,32980.32,428.74416
"493",389,"Lenovo","2 in 1 Convertible",14,"Touchscreen 2560x1440","Intel Core i7 7500U 2.7GHz",16,"512GB SSD","Intel HD Graphics 620","Windows 10",1.42,133679.52,1737.83376
"494",1058,"Dell","2 in 1 Convertible",13.3,"IPS Panel Full HD / Touchscreen 1920x1080","Intel Core i7 7500U 2.7GHz",12,"256GB SSD","Intel HD Graphics 620","Windows 10",1.6,69210.72,899.73936
"495",11,"HP","Notebook",15.6,"Full HD 1920x1080","Intel Core i3 6006U 2GHz",4,"500GB HDD","Intel HD Graphics 520","No OS",1.86,18381.0672,238.9538736
"496",830,"Razer","Gaming",17.3,"4K Ultra HD / Touchscreen 3840x2160","Intel Core i7 7820HK 2.9GHz",32,"512GB SSD","Nvidia GeForce GTX 1080","Windows 10",3.49,292986.72,3808.82736
"497",139,"HP","Notebook",13.3,"IPS Panel Full HD 1920x1080","Intel Core i5 7200U 2.5GHz",4,"256GB SSD","Intel HD Graphics 620","Windows 10",1.32,37242.72,484.15536
"498",1222,"HP","Notebook",15.6,"Full HD 1920x1080","AMD A12-Series 9720P 2.7GHz",6,"1TB HDD","AMD Radeon 530","Windows 10",2.1,28185.12,366.40656
"499",1092,"Asus","Gaming",17.3,"IPS Panel Full HD 1920x1080","Intel Core i7 7700HQ 2.8GHz",8,"256GB SSD +  1TB HDD","Nvidia GeForce GTX 1060","Windows 10",2.7,85194.72,1107.53136
"500",456,"Dell","Notebook",17.3,"IPS Panel Full HD 1920x1080","Intel Core i7 7700HQ 2.7GHz",8,"1TB HDD","Nvidia GeForce GTX 1060","Windows 10",4.42,109010.88,1417.14144
